3464,cabca,false,28/11/3312
8517,hhfab,false,06/07/3543
7406,aacec,false,23/08/2801
3658,bahdf,true,26/06/3683
5633,faeaa,false,23/05/2814
7498,fchec,true,14/09/2226
1072,bhdee,true,14/12/2322
9069,cdiid,false,02/12/3128
8574,eaifi,true,01/08/2442
4954,eaihf,true,05/09/2362
8573,efhba,false,20/10/3642
9202,badic,false,16/06/3103
4963,bidfb,false,18/07/2913
1326,faefa,true,09/09/3735
9553,aeahb,true,21/11/3274
6815,bciff,false,27/11/2892
2393,bifcf,true,18/07/3457
3738,faaci,true,30/11/3697
4439,aaaaf,true,12/06/3563
7655,ebhhb,false,09/05/3396
6922,fhiha,false,06/03/3625
6795,adeeh,true,13/01/2240
2074,dbcha,true,26/03/3146
8582,dbcif,true,01/10/2732
2836,edaae,true,29/04/3033
2835,badhh,true,02/06/3237
4997,idief,false,19/08/3866
7029,bfbcb,true,11/08/2750
6749,cfbae,false,15/09/2729
3200,dcibi,true,22/07/2878
2300,bdeai,false,04/10/3287
8513,fefch,true,31/05/3124
9291,chffd,true,19/08/1979
2426,fbcdd,false,18/08/2317
9962,hcehc,false,29/04/2688
1158,dideh,false,29/01/2399
7077,ddaeh,true,27/01/2722
3893,fdicb,false,18/10/2417
160,aiibd,true,24/01/3314
9123,dhhif,false,10/04/2734
8380,afddc,true,15/12/3519
4463,ebbie,false,27/06/2651
478,hfbdb,true,30/02/3337
1196,cdhbi,true,07/10/2089
6061,cfchi,true,09/01/3408
2746,ebeii,true,08/08/2567
4999,edibi,false,14/04/2608
213,hfhfi,false,30/03/2679
6357,cabfi,true,24/02/3247
2775,fcihe,true,08/11/3661
1182,cbbfb,false,23/03/3799
8008,fdeih,false,26/05/3252
7690,hbiee,true,23/05/2873
5805,ecbeh,true,22/02/3825
2540,iihdi,false,09/02/2641
7897,cihdh,true,11/03/2183
4808,bfaac,false,06/12/3409
555,fdbbe,true,16/10/3772
3853,becfb,true,13/03/3348
7561,hiead,true,22/01/3144
6911,icbdd,true,03/10/2313
5459,ahhhb,true,04/09/2281
3352,fhedh,false,08/06/3451
9705,fidca,false,08/01/2060
5460,afdbd,false,08/02/3258
9896,edfdh,false,20/02/2503
6974,hcaaa,true,07/11/2857
573,dcbac,true,25/10/3209
7293,fbabb,false,28/11/2271
3139,aaifc,false,09/08/3538
3725,hhffd,true,14/08/2171
1697,bieeh,false,08/01/2108
1491,headf,false,18/01/2984
5150,bffbf,true,06/03/3150
4406,afacc,false,13/09/2980
6992,edifc,true,09/10/3638
3370,fbcfd,true,21/10/3571
5098,bfdcb,false,13/03/2157
2642,ffcib,true,05/09/3465
3202,eeehi,true,04/04/3567
3912,ihcbe,false,16/02/2403
6537,cebbe,true,22/04/2118
7347,adefa,false,31/09/2907
6544,hehic,true,21/09/3985
1900,bbaaa,false,08/11/2656
767,ifdcd,false,18/11/3310
6942,eddab,true,19/10/3728
742,iiaca,false,01/09/3285
264,dciic,false,19/08/3200
1717,iifcb,false,04/08/3772
9341,cdfif,false,18/11/3943
3583,acheh,true,27/04/2172
4687,icbfc,true,14/03/3841
498,bhfei,true,13/10/2448
4027,hbbid,true,13/12/2762
579,heddb,true,07/11/3237
3442,dafai,true,03/01/2560
6271,fifac,false,25/04/2244
9446,fdfdb,true,09/06/2431
7758,dbiad,false,13/11/2940
4181,aiibd,true,02/03/3822
2105,dcaia,true,13/01/3685
8758,aciia,true,24/11/2781
613,cfaca,true,03/12/3222
198,accbc,false,15/09/2815
7208,chdih,true,05/11/2738
9103,ciabd,true,16/08/2965
6427,iihdf,true,16/03/3939
9683,bdafd,true,10/12/3425
4613,cachc,false,14/03/3202
1270,bhihf,true,12/07/2622
3894,acfab,true,22/10/3354
4187,hhadc,true,23/06/3386
2007,ceiai,false,01/01/2840
8764,hfebf,true,19/08/3494
6310,bbccf,false,26/05/2982
5441,deief,false,10/05/3198
5271,ebbfc,false,23/02/3782
749,fdbad,true,13/06/3537
5134,hbchi,false,21/07/2275
8514,hhfed,true,02/12/4031
1255,beiee,true,12/12/3561
7236,eidfb,false,20/06/2769
9152,ffiie,false,17/09/2516
5101,edehb,true,03/08/3442
5026,fafac,false,07/12/3728
6018,iaabi,true,22/09/3274
6177,chfbe,true,18/03/2727
9388,fcfia,false,09/02/2976
6190,acdhc,false,14/09/3436
4826,ccdea,false,27/08/3005
2826,hdihf,false,24/01/3245
4200,bfiid,true,13/10/2918
8541,iabbc,true,09/07/3507
1108,eceec,false,18/11/2492
628,fbcad,true,21/03/4074
5309,aefbh,false,09/03/2353
4978,hfaef,false,09/01/3888
1485,beccc,true,28/06/4082
2141,idcii,false,05/01/2392
6029,ebbdi,true,14/06/2604
8957,fbidc,false,29/11/2583
1535,afdah,false,23/11/2706
5433,adafc,false,13/05/2815
7673,cebhc,true,11/12/2535
9865,fiafi,true,18/03/3015
9448,ahbhi,true,04/03/3245
1044,hdehb,true,14/10/3798
6760,edfid,true,29/01/2598
5730,hafae,true,12/12/4051
810,cfhii,true,01/04/3609
6439,ebadi,false,28/09/3729
1534,cdabc,false,22/09/2656
2492,febia,true,13/01/4013
3683,bbeba,false,11/06/3909
3353,hfcbh,false,28/04/2951
2058,bibce,true,29/03/3081
8344,fadab,false,02/11/3357
225,adeaf,false,05/09/3012
6323,biibd,true,21/07/3065
9342,cceaf,false,25/09/2726
1162,hicii,true,10/04/3294
7000,afcaa,false,05/11/2533
3009,fcdee,true,19/05/2518
915,iiddd,false,01/08/3307
8765,dbcdb,true,28/02/3316
1621,efeei,false,31/05/3060
2528,bhbea,true,07/08/2610
5179,dfach,true,12/06/2710
7123,baaie,false,30/03/3216
6798,dhfhe,true,29/09/3442
6814,cefch,true,30/02/3750
2252,cidhb,false,19/04/3271
2001,hebcb,true,30/11/3308
3536,bacfi,false,12/11/2944
7782,cbeib,false,01/11/2711
1584,ecicd,false,16/07/3574
1486,aefbc,true,01/04/3861
494,hfach,false,06/02/2927
1838,ihhcd,true,26/10/3824
8609,cbefh,false,01/08/3194
9461,eeeec,false,14/03/3340
8098,fheda,false,16/10/2756
5436,fhfbb,true,14/07/2392
9082,cfidf,false,12/09/3531
7976,eeaie,true,07/11/3432
7466,aaaee,false,05/07/2676
1020,dibac,false,23/03/3201
4083,fbhhc,false,15/10/3687
1741,iabha,true,29/09/3413
6883,hahdb,false,01/01/2505
9810,daaca,true,29/10/3157
3500,hdeih,true,05/08/3320
5730,dheic,true,08/01/4153
4681,dhdbh,false,26/02/2665
9960,cihie,true,28/05/3205
8084,hdeif,true,30/07/2815
8468,affef,true,19/10/2913
8323,ibebc,false,09/06/3385
6910,cecdb,true,03/02/2560
3846,chdii,false,22/01/3929
8817,fcaae,false,10/03/3496
8498,daafb,false,24/02/3603
5928,feahi,true,30/06/3572
8384,ihffe,true,24/01/2389
6989,ahaih,false,01/02/3563
1071,diafd,false,05/10/4241
8779,fdfeb,false,20/08/3767
7906,fdhed,false,21/10/2565
5981,afhac,false,23/09/4034
6206,ddbhh,true,25/07/2346
3692,hecfe,false,06/02/3986
5415,aihah,true,30/06/3696
4144,bafeh,true,10/06/2409
9901,bbafd,false,28/09/2802
3300,diacf,false,14/04/3279
7804,haddf,false,23/01/3145
3615,ebada,true,05/11/3360
4681,eccdi,false,07/12/2525
805,hfcef,true,10/07/3515
5099,iaiha,false,18/12/3718
6277,beaah,true,16/02/4112
1058,idbei,true,20/07/2569
6682,cihbd,true,04/01/3960
718,hfhhb,true,21/08/2747
5380,edddh,true,27/06/3519
970,ffcab,false,13/12/2534
3077,dhhed,false,14/10/3431
3021,hhhdb,false,01/03/3778
7377,ebdbe,false,21/06/4233
4021,dfaih,false,02/06/3490
7626,fffei,true,19/09/4182
7864,iaice,true,28/03/3404
7122,icfef,false,23/12/2460
5802,iedbc,false,02/09/3383
1012,cibhc,false,12/01/3158
6487,ehfde,true,10/04/3916
2457,bifbb,true,17/12/3524
3905,efcih,false,28/10/3105
1096,edefa,true,23/01/4249
5893,accbf,false,08/04/4185
268,ahbff,false,15/01/2502
9550,efdec,true,06/01/3022
139,cfhbe,true,21/09/3568
7734,cbcah,true,13/09/2826
6623,cedbc,false,15/07/2488
8000,dafac,false,04/01/2781
13,edddc,true,24/08/3385
8453,habba,true,04/07/3046
9997,ibhee,true,13/11/3764
9427,ahifh,false,21/06/4189
3870,bdcdf,true,14/04/2633
3729,fhhee,false,24/09/3957
338,bddib,true,09/02/3361
6065,afdhd,true,06/11/4165
3128,cfcih,false,18/11/3625
2334,fafhd,false,16/10/3024
3370,aacbb,true,24/01/3307
2436,dbahe,false,23/12/4018
6252,adifa,false,31/07/2557
8808,hdcce,false,23/11/3865
3362,faaie,true,11/01/3707
2552,bbafe,false,12/12/3064
9161,cehab,true,08/03/4179
7680,hdcce,true,11/04/2636
2973,afbfb,false,17/07/3196
6013,aibdd,true,28/01/2449
2611,ieccd,true,13/03/3137
7668,ihiai,false,20/10/4329
3148,dfiea,false,03/03/2798
9553,iecfd,false,13/05/2757
9586,fdfci,true,19/05/2880
5495,aaadf,false,04/05/4220
2004,chaca,true,07/06/4351
8749,ieice,true,17/12/2553
3851,afcfi,true,18/05/3289
9811,fadcb,false,04/05/4198
3364,ffiec,false,02/06/3107
6726,iefia,false,05/06/2748
9371,bfhic,true,09/03/3961
219,cchfh,true,25/08/2536
4876,iebah,true,07/07/4091
5525,cbfee,true,12/07/3913
3345,dbdhc,false,02/07/3731
3369,ddhcc,true,16/03/3405
4509,ehhbh,true,16/08/4013
3641,biach,true,12/11/3932
2309,ddeeb,false,17/05/3539
1199,eehea,false,16/11/2917
9755,iaihi,true,01/08/2947
2090,iheeb,true,03/02/4021
1398,cafei,true,11/11/4040
1200,faahi,true,18/09/2970
9527,ihdih,false,01/03/2811
2854,cdccb,false,29/09/2786
8765,ffbde,false,13/07/3710
3384,hidhb,false,22/01/4089
3000,bbiid,false,29/06/2918
7876,befhh,true,15/06/3638
1705,ehbba,true,10/06/3145
4782,abibb,false,08/10/4278
8922,bhdih,true,10/12/3300
8534,eebbb,false,22/03/3316
8991,hefbc,true,25/11/3912
1150,aeaca,false,09/10/4067
7339,fddfa,true,13/12/3045
3595,caich,false,26/04/3421
2148,fiaca,true,15/07/2589
5234,hefcd,true,04/12/3073
3742,eeiha,false,14/09/3738
6188,ideid,true,09/10/4341
1868,cbbic,false,16/04/3506
1691,fheea,false,30/04/2634
814,bacbd,false,21/09/3984
1145,dehhd,false,08/08/4405
5705,ahefa,false,11/04/3221
7827,baefc,true,19/07/2691
8758,hacdd,false,09/11/3710
3557,adcce,true,21/05/4324
2659,dacda,false,26/10/3872
2415,dcihb,true,24/09/4148
8842,hhbec,true,06/12/4144
568,efaei,false,05/04/3331
1061,hifeb,true,27/05/4141
2718,idbif,false,24/11/3170
4010,acahc,false,06/07/3162
6789,dddad,true,22/07/3813
3059,ebiec,true,02/08/2657
1160,ihcad,false,01/11/3935
1786,dbfac,true,22/05/2879
561,hdbfb,false,09/07/3755
7068,dicci,false,30/02/3059
68,bdibc,true,18/03/3835
7600,ebhea,true,18/06/4467
3934,bbecc,true,11/06/2912
2370,ceccd,true,25/10/3837
7439,bcebd,false,21/07/3039
2909,ifibf,false,24/06/2671
3984,bdhhd,true,01/12/3385
2168,dcach,true,05/06/3204
8046,bcdih,false,08/03/2692
3868,fiheh,true,08/02/4441
5898,deiaa,true,28/06/3463
2058,eeddb,false,02/05/3759
9406,cedii,true,05/11/3374
3606,fbbac,true,07/09/2876
6410,cfiib,true,24/04/3805
6116,ibaci,false,29/07/2652
7456,cbdbe,true,12/11/3383
8717,cbeai,false,08/04/2710
5957,hhffe,true,25/10/3114
1142,cfbfc,true,05/07/2823
1960,aefad,false,29/01/2902
1436,ebcid,true,14/12/4390
5023,fcdba,false,17/04/4427
5928,aecfi,false,11/01/2683
3251,ddabe,false,07/09/4353
6970,eidie,false,10/12/2852
9681,ccicd,false,27/04/3417
1076,dhfcf,false,28/09/3270
9885,cfifb,true,25/07/4317
5109,heaih,false,22/05/3191
1290,ebhca,false,26/07/3797
8387,ibehi,true,05/02/4276
9315,afabf,true,19/03/3760
8946,aheed,false,03/10/2969
6156,iihci,false,29/09/3467
8499,effbb,true,18/10/3008
3063,ihbce,false,13/12/3080
2464,ffbbi,true,03/02/3519
8766,ibefb,true,01/05/3575
9098,ihdac,false,21/11/2807
9084,fafic,true,01/07/4211
9651,fcaed,true,19/12/3525
2023,hhfie,true,17/10/4490
4905,aebfc,true,04/05/3907
8488,hehah,true,04/05/4514
7079,ebaec,true,05/06/4336
7345,icddh,true,08/02/2996
8189,ceidd,false,28/07/2971
2185,cihbb,false,09/09/4441
3387,fbhfe,false,17/10/2845
9090,chhhf,false,06/02/4521
6496,hacff,false,16/05/2778
3141,bfdhf,true,28/09/3802
4353,iccdb,false,03/08/3792
6219,ichhi,false,02/08/3776
6302,ihccf,false,24/03/3145
188,defdd,true,02/04/3315
4909,fbhcf,false,09/05/4517
9879,hfebc,true,12/09/4045
1485,fbicd,false,13/11/3867
2654,cidhe,false,11/01/4481
3236,hchbh,false,14/07/4267
918,hhada,false,03/08/4057
3310,hhbhh,false,28/04/4165
8450,cefai,true,11/04/4195
807,ciedh,true,15/06/2997
9094,bafbi,false,22/09/4400
5261,ebcah,true,04/06/3013
4516,eaaec,true,09/03/3133
5441,afibd,true,05/02/4446
3060,edcie,true,31/12/2915
5514,fbceh,true,25/04/3727
325,dafed,false,02/11/3105
3636,edcch,true,14/01/3276
8227,ibcba,true,11/09/4215
5608,dedch,true,06/12/4568
5480,daibb,false,29/11/2824
1573,eifbc,false,06/04/3032
1651,hcdeh,false,27/03/3080
280,hecii,false,05/07/3495
8491,cabcb,false,22/09/4476
5709,efbbb,false,16/01/3699
6701,iaidf,true,04/04/3414
4638,eehfb,false,04/11/4630
3151,ebecb,true,04/11/3320
6658,aieib,false,30/07/4290
3840,feifd,false,03/02/4537
1629,hhbic,false,22/08/3450
7532,chbdh,true,19/09/4229
9629,edche,true,30/08/4366
5025,cacbd,true,17/04/3813
583,cdfcc,true,06/01/2826
3852,hiidd,true,11/10/3429
3075,biaef,false,13/09/4681
8412,heaic,true,05/08/3478
7825,efibd,false,08/07/4331
7703,idhfc,false,23/07/4041
7208,bfeha,false,20/03/3915
7398,dcich,true,27/12/4470
5304,fieah,false,06/10/3151
7806,hidbh,true,02/05/2900
3032,chhib,false,30/10/4311
6430,fddae,true,08/06/3053
1647,bcdac,true,15/06/2925
6756,cbeii,false,01/06/3747
5634,dbdid,false,20/05/4310
9120,bfdcc,true,19/01/3386
4957,fbhbe,false,13/03/3844
749,dfidf,false,17/07/4028
4549,ceiei,true,07/08/4649
5854,cefbh,true,08/11/3077
805,bafee,true,30/09/3029
8870,bbcbe,true,27/06/3355
2313,dfebc,true,21/06/3820
2445,dhfed,true,17/05/4168
3850,fhcfe,true,20/11/3594
3302,dbcab,true,13/09/4063
9936,icchb,true,29/01/3895
5192,bhced,false,11/04/3436
9759,ehfhe,false,17/07/4219
7770,fibbh,true,05/08/2832
9795,fiffa,true,06/03/4219
4902,hhfaa,true,05/10/4438
4324,abfie,false,09/04/3382
6526,aeaca,false,04/05/4385
5952,bdbcc,true,26/01/3857
7738,dfeie,true,22/03/4129
5626,eedid,false,30/03/3510
6364,ddhba,true,06/09/4681
4941,ebdba,false,05/07/3332
7093,ibahe,false,24/07/4213
2827,edaha,true,02/05/4074
2323,bbdfa,false,04/04/3352
2179,dhcec,false,09/09/4007
190,acbdb,true,08/03/2877
6678,ahhea,false,17/04/4099
5313,dface,false,11/04/3605
5748,fdfei,true,08/01/3326
7817,cihbi,false,08/01/3667
1602,caifi,true,21/03/4710
2190,hbefi,true,23/11/4497
7423,ahhib,true,16/10/3434
5709,ffeda,true,28/11/2979
5937,iiicf,true,09/11/3649
6861,bahii,true,16/02/3264
8017,cadea,true,27/04/3497
6440,ccbdf,false,07/10/3563
1650,dhedc,true,02/05/3451
9076,ehbch,false,06/11/4447
4560,haefe,false,30/06/4022
5750,ehdcf,true,06/01/3931
9436,aafdi,true,20/09/4059
3539,icihi,true,07/07/3036
5628,ifada,false,27/07/3839
8319,bface,false,01/03/3184
6436,cdhfb,false,11/02/3486
6062,ehihh,false,20/02/3101
8759,bhhdb,true,15/05/3620
4393,eebbb,true,18/12/4499
9030,febic,true,23/11/3514
2474,biaac,false,07/10/3069
2848,edihd,true,05/04/2943
4240,hcbie,true,24/02/3143
9537,effhc,false,08/08/3304
6167,ddibd,true,28/09/4610
7630,fabeb,true,22/05/4444
386,hdfff,false,25/10/4296
889,cbcab,false,23/05/2941
5902,hfhad,false,18/01/3747
8759,hadae,false,28/11/4800
4650,aeehb,false,25/08/3839
4275,bfafe,true,18/05/3614
185,dfede,true,05/10/3424
7249,eifba,true,05/01/4334
8061,fcdhd,false,30/09/3148
2271,fcfdf,true,24/05/3987
8371,aeiac,true,01/09/3075
9726,ceabc,false,09/12/3870
3199,ddbhe,true,13/05/3041
2299,bfhid,true,18/08/4837
9853,dihhi,true,22/09/3161
9377,cffec,false,27/01/4384
8200,bcffe,false,30/01/3473
5242,dhfbc,true,20/04/4873
196,ihhah,true,11/12/4102
6236,bfhde,false,18/11/3461
5873,caaib,true,08/03/3552
2667,bhdad,false,02/07/4440
695,eahab,true,18/05/3960
4476,heahf,true,27/12/4875
9365,bbifa,true,30/04/3805
1027,ihiad,true,05/09/4679
1586,acidi,true,03/07/3571
5014,fbdbd,true,14/07/3264
234,cechb,true,04/10/3811
9650,hbidb,false,02/09/3778
4643,daeci,true,13/08/4355
8530,dific,true,26/12/4888
3807,fhhie,true,09/10/4701
5006,acadc,false,27/07/4287
1345,ahabd,false,23/11/3495
120,ibcee,true,11/12/4081
2952,hhaec,false,06/12/4759
4115,aceeb,false,31/10/3736
9110,aifca,false,28/07/4273
7077,cecfa,true,19/12/4628
1039,ddcbb,false,20/06/4582
946,eiheb,true,06/08/3346
6684,ihadd,false,07/05/4749
9986,hdddf,false,15/03/3113
3864,abhif,true,10/06/3170
7368,ddead,true,05/03/3507
8892,hbiaf,false,06/09/4863
8301,ebafb,true,11/06/3787
8512,bhhdd,false,18/12/4371
2194,bifih,false,14/12/3571
7841,decbf,false,08/05/3257
8114,eiaeb,false,21/01/3382
8557,hacff,false,13/01/4699
3157,dbaed,false,11/07/4028
4192,bchbb,false,01/03/3518
3244,bebdd,false,31/01/3133
6867,dfbid,false,06/01/4369
7850,hhehb,false,06/07/4934
1361,aichh,false,20/09/4010
7817,dicab,false,02/05/3765
5591,efebc,true,12/07/4180
111,bcead,false,01/12/4161
8606,aifaf,false,27/03/4635
4915,hbcha,false,18/04/3714
3847,cedaf,true,18/06/4524
7238,cehhd,true,08/01/3926
5656,ffefh,false,30/06/3351
8162,baeci,false,05/02/3707
5063,hdfeb,false,16/05/3544
9826,dbhci,false,07/02/3934
6682,aaade,false,11/02/4250
8898,babeh,false,25/04/3479
3429,heeai,false,15/10/3587
6245,biiff,true,26/04/4662
2327,aciac,true,12/07/4722
4433,ddbef,false,05/04/4445
5203,bfhba,true,14/09/4616
2059,bhhbf,true,18/02/3655
166,ciaad,false,14/02/3863
4337,bdidh,true,19/11/3633
9962,effia,true,02/03/3484
5999,fiaid,false,02/09/3230
7113,hhbai,false,11/09/4831
2836,cfaef,true,20/08/3768
7588,diice,false,28/06/4330
9406,dcibd,false,24/01/4410
1769,ahhbh,true,31/11/3386
3749,ebcah,false,02/01/3527
2436,hieah,false,27/10/3847
7619,bhbhe,false,07/10/3442
9237,iehih,false,19/11/4433
1391,acfie,false,25/08/4770
1633,hchaa,false,05/09/4384
5769,dcddi,false,21/09/4161
3228,diade,true,09/01/4177
9781,fhdhh,true,29/12/4183
4439,ehebb,false,22/08/4089
588,bbhib,true,23/07/4980
3526,aahbc,true,15/01/4814
3774,dbced,false,22/11/4018
2453,chiib,false,31/09/3712
9389,efcee,false,18/09/4324
4846,bafih,true,27/09/3781
356,hbbch,false,06/05/3877
7616,ifffc,true,10/08/4217
5421,cdebe,true,22/08/4764
9178,fdaic,false,05/04/4796
4623,eeadf,true,26/12/3268
1415,adahh,true,03/03/4638
5669,hebdb,true,15/06/3570
523,aabae,false,02/08/3885
5979,bfefi,true,14/10/4771
7627,ficcd,false,28/02/4113
5032,efaab,false,11/08/4713
9565,bcihi,true,19/04/4813
955,hiiih,true,11/10/4081
6464,hibbi,false,09/12/4303
1527,aeahh,true,30/12/3958
6724,ahebd,false,19/04/3791
7200,efibb,false,24/12/4612
2837,ddhff,false,02/07/3458
4860,ibeca,true,09/10/4300
7148,ieibc,false,20/03/3927
1995,efefe,true,10/01/4871
1150,ifica,false,11/01/4627
3505,eafid,true,07/01/3320
6734,ahfee,true,22/05/3248
6680,eefib,true,20/01/4518
6618,feheh,false,23/01/4490
5375,ccaff,true,09/01/3913
8159,icbab,true,29/12/3908
7874,dfhif,true,03/04/3318
9390,hhccb,true,06/05/4189
4235,ciicf,true,18/04/3237
1443,ihdfd,false,10/02/4159
7754,afdbc,true,17/10/4536
991,ifihb,true,21/06/3793
3967,eiabc,false,21/01/3279
6074,dbdff,true,10/02/4865
849,ddddb,false,22/08/3855
8764,icied,false,08/02/3266
2949,abahf,false,30/09/3591
5907,hedaa,true,12/02/3404
6926,acbci,false,31/05/4960
3623,aciaf,false,08/04/3962
790,fchbc,false,30/12/4521
5341,hafbc,false,01/03/4908
8474,fddah,false,03/06/4988
2309,fedea,false,09/03/5090
3348,bchfh,true,10/07/4719
5073,afcec,false,31/04/3969
1023,hhacc,true,20/08/3828
9555,dfhea,false,01/04/4016
2412,cdcdh,true,27/07/3421
9510,ebbba,false,11/10/4066
1732,aibbd,true,26/08/3909
2577,febad,false,13/05/4147
7915,dfaie,false,05/03/4804
6409,afafb,false,15/03/3579
9028,efife,false,30/04/4180
4510,fdibb,false,29/04/4077
9405,bbhca,true,17/07/5147
4014,cfche,true,22/04/4997
7904,diefa,true,15/03/4561
8473,bacaa,false,06/10/5082
2947,cefhd,false,26/03/4431
4925,fhhha,false,27/02/4848
7466,ihedi,true,06/01/4437
7951,ecfcf,false,17/12/4079
5940,icche,true,30/06/4067
5815,dbeah,false,23/01/4209
1859,eeead,false,29/03/4762
7764,ffach,false,07/04/3470
1426,ffdba,false,21/06/4446
7615,hddab,true,17/09/5063
3451,ibfed,false,22/04/3954
2837,fibbe,true,14/06/5198
7033,acbdd,false,07/05/3928
4426,dhdfi,true,28/01/3987
1621,dideb,false,21/11/4981
4788,cidia,true,19/10/4227
3573,dbddd,true,15/10/5160
3736,faded,true,04/12/4101
4212,abied,false,29/12/4854
3594,chfic,true,28/03/3537
676,dhibb,false,17/10/3848
4731,aifbf,true,15/06/5082
9799,cieib,false,11/04/3334
9403,ffida,false,16/02/5103
8623,dehhf,false,18/05/4232
262,fehhd,true,28/06/4534
3213,adecc,true,04/12/3507
2419,afcdh,false,16/12/4517
6230,bdeca,false,03/11/4767
760,dhfec,true,24/09/4451
6461,edaaa,false,04/12/3731
9931,bbcie,true,21/03/4138
5358,ifbbc,false,21/10/5002
1092,dfhai,false,01/08/3914
8996,dacee,true,24/11/5234
5287,fedcf,false,29/10/3567
9975,hbaba,true,29/05/4467
9162,ieied,true,08/03/4693
8451,eeffd,false,19/11/4190
1934,cciei,false,04/09/4901
8515,bfbhh,true,17/09/3567
8980,eeddf,true,15/12/4025
8854,hbich,true,05/09/4641
720,dadbd,true,30/08/4317
6891,hbcbc,false,24/12/4958
9318,cdfhh,false,23/05/4565
4082,befad,false,01/09/3372
8807,bhabf,true,14/01/3743
7368,dedfh,false,04/09/3633
8109,aecaa,true,05/05/4691
4335,ceaib,true,04/01/3529
4516,ebidb,true,15/06/4465
5536,hbffa,false,20/05/4059
2661,idbdi,true,22/06/4182
4275,ciicd,true,25/11/4772
4767,aedfa,false,04/04/4850
2450,ihbbb,true,26/12/3759
5654,ecdfb,true,07/10/5165
6122,hdiff,true,16/11/4800
5556,ifbaf,false,12/11/3641
9063,fedbi,true,31/12/4312
370,ibidi,true,18/06/3604
6458,ffhhf,true,17/03/4767
9842,ffici,true,09/05/5098
2107,fiabd,false,11/11/4367
2567,acaci,false,31/03/5017
1422,dhahd,true,31/09/3672
8756,difha,false,29/01/4343
4987,aefeh,true,20/12/3700
1215,ichbb,true,23/10/3763
6978,fdbbh,false,07/03/3952
5756,debbd,false,03/11/4531
7504,cabfe,true,29/09/4939
7326,hbhfb,false,03/07/4405
9853,hcfaf,false,19/10/4984
8169,hedid,false,17/09/3713
5224,hidei,false,31/06/3600
1698,ccfah,true,01/05/4975
1022,abdad,false,16/07/4277
9250,dcief,true,22/11/4364
5338,acbfh,true,11/10/4161
3001,baaci,true,01/06/4074
7242,ihebi,true,08/11/5210
2361,eebdh,true,06/09/4594
9737,hbcbb,true,21/07/4374
1422,adbdi,true,29/01/4170
2018,eeeed,true,16/02/4150
9388,hcchd,false,27/05/3559
8806,bbfdc,false,10/08/4484
1304,dieaa,true,15/07/3935
9196,hfcdb,true,12/02/4102
9093,iidic,true,14/12/3641
4058,dfhae,true,30/04/4658
6771,behdf,true,30/06/5257
1230,aifdd,false,13/05/4649
3,fbbei,false,27/04/5142
2886,bcccd,false,17/05/5237
7384,eeebf,true,11/01/5168
9498,adbff,true,21/12/3922
7031,aecee,false,09/03/5338
4069,haeed,true,08/02/4889
4860,hddhi,true,15/05/4731
8433,hffbh,false,16/07/4713
4174,aifdh,true,16/04/4183
1990,eecic,true,16/08/5275
3920,cdcai,true,09/10/4656
4999,habbh,false,06/11/5265
4792,cdhdi,true,20/05/4561
4951,dechh,true,31/02/5319
5635,fcecb,false,24/07/5195
4894,aiehi,false,16/10/4787
6841,edahi,true,21/12/4277
1637,dbdbh,false,15/04/5159
8448,eecda,false,16/10/5073
6056,cbbed,false,23/10/4187
2481,ffhad,true,11/01/3666
860,hcffb,true,07/04/5431
260,bbihd,false,27/06/4997
5187,eaded,true,31/11/5202
1758,hbiah,false,09/05/4892
5230,bhchd,false,31/11/3682
3759,fhcdi,false,02/11/3724
4334,bcaac,false,18/12/4672
9377,hcdef,false,16/12/4396
1626,aaeef,false,21/05/5027
8730,ideed,true,10/10/4524
3141,achid,false,27/03/5236
621,iihbb,false,20/12/3923
3564,debae,true,06/04/4597
198,iiaih,true,06/07/5299
5321,abhcb,false,09/05/5158
9945,hafci,true,06/09/5443
585,ehcae,true,14/11/5244
9933,hdfba,true,10/11/3902
9162,cbdhf,false,29/01/5147
3158,decih,false,14/01/4763
8679,defeh,true,03/03/3601
7481,ciada,true,11/04/4277
7504,deiea,true,15/02/4913
6826,cffai,false,19/07/4438
1917,aifbf,true,08/09/4456
5661,ddacf,true,25/06/4373
3048,hfidf,true,19/11/4365
7814,difcc,false,03/10/4102
4443,hefda,true,29/02/5147
5135,dceid,false,25/06/4545
7423,fbaib,false,11/12/3998
138,iccea,true,02/01/4109
3345,aedch,false,28/03/3741
8177,fchff,true,20/09/4957
2777,ifecc,true,28/12/3827
7614,dhcha,false,17/01/3878
7247,ibicf,false,25/12/3657
1352,adebf,true,26/08/5380
5515,fhefd,false,23/04/4176
4064,daiia,true,02/11/4675
6184,bbdcf,true,30/08/4703
4651,ieedi,true,28/12/4497
510,baebi,false,26/11/5232
882,dhebh,false,31/03/5281
9485,dcifi,true,17/10/4885
8058,fiiei,false,17/02/4370
259,cdhhb,false,23/03/5379
9662,haiee,true,24/07/4145
8571,bhadb,true,31/01/4375
6079,ihhaa,true,22/07/3922
5381,dceah,true,14/11/3783
6237,fccdf,false,23/01/3740
479,ccifa,true,29/09/5023
5961,cfifa,false,08/04/5156
9825,efafc,true,21/02/5499
6012,ehfde,true,13/08/4660
396,ihcei,true,22/09/4569
3190,beadi,false,14/03/3930
8679,ifded,true,22/10/5426
3544,beedb,false,03/04/4068
5288,hbiha,false,24/10/4990
5766,dcecd,false,17/03/4430
1185,cbfah,false,21/05/4532
8797,deihd,true,12/03/3964
2442,efiai,false,26/08/5132
7496,fcbbd,false,27/08/4798
5741,ceibi,false,13/12/3728
3311,iadii,true,14/02/3782
7804,bfebd,false,21/07/4219
954,ebdbe,false,14/06/3799
2324,hhebh,false,25/05/4745
9767,ihhec,false,04/06/4330
4584,achii,false,27/05/4023
3122,efbff,true,17/08/4172
18,hahhh,false,24/12/3973
7160,ceeae,true,11/01/4298
4996,iidha,false,03/06/4059
5101,edbdf,false,20/09/4297
5674,bhcdc,true,15/04/3673
2487,defci,true,07/05/4651
623,ffdda,true,19/02/4160
597,hchde,false,04/09/4781
7903,debef,true,29/04/3848
1851,efeei,false,21/12/4036
8117,iacdh,false,30/04/5226
114,bdiib,true,21/03/5032
48,iaiha,false,09/06/5579
5620,feihd,false,21/07/5079
3490,bfhih,false,02/04/5383
8225,ddecd,false,28/07/5141
6580,fdcae,true,08/10/4533
5638,daeec,false,02/12/4955
7356,hifad,true,24/08/3769
9396,fbbea,false,28/08/5020
7311,cccdc,true,07/02/5141
7076,idabd,false,10/06/5169
5295,cfice,false,19/12/4391
3211,ciici,false,13/06/4064
2327,icabi,true,19/05/4794
6975,cidcd,false,13/10/3980
9063,fcied,true,27/10/5221
599,hifcc,true,31/02/4474
9872,cdbae,false,20/08/5121
9872,cddai,true,03/05/5179
546,cehde,false,18/11/5272
5784,dafid,true,01/03/3965
9042,fhfhh,false,04/01/3756
625,bhaed,false,09/02/5369
7894,adcei,false,01/04/3917
2846,fhbif,false,26/10/3858
294,fecdb,true,14/10/4355
5361,iicfc,false,23/02/3886
5995,aedci,false,05/08/5629
5822,ffebi,false,06/08/4951
2229,icdei,true,27/11/5543
6816,faebd,false,06/04/3867
3938,bhbdf,false,05/03/5346
9514,ihbih,false,21/10/5371
5748,dfdih,true,01/01/4162
6424,cdaef,false,10/02/4411
8702,heiaa,true,13/09/5574
4308,dcidb,true,19/01/4433
8732,ehfhc,false,19/04/4585
559,hefbb,true,28/03/5557
572,hhfbb,true,18/08/4191
7226,ahaic,false,09/02/4052
9431,ebhcb,false,15/06/5014
6390,ddadc,true,20/07/5314
4094,iecaf,false,12/08/5371
1261,badbe,false,02/02/4396
6456,ciefc,true,17/01/4733
6191,haaab,true,25/12/4586
2845,dichb,true,15/01/4775
2957,cihee,false,11/12/4213
7495,ieihc,false,10/03/3811
6663,cifah,false,20/02/4068
877,ddabd,true,31/06/5368
6657,efece,false,31/04/3808
9350,bacbe,true,31/07/4333
1090,bhchc,false,25/04/4608
7917,cbchh,false,18/03/4898
6840,dcafh,false,27/10/4120
611,fcffi,false,02/03/4135
4961,fechf,false,18/11/4799
938,iaibi,false,19/02/5335
3319,ciaic,true,07/07/4707
7407,bffhf,false,15/11/3976
276,acafb,false,16/03/4519
6276,ebicf,true,04/06/4380
4680,aeaaf,true,04/12/4665
6686,ihbeb,true,14/04/5729
6344,iibhb,true,29/07/5309
9137,afeib,true,06/06/5627
8075,icedf,true,11/06/4185
5439,cadfd,false,25/06/4922
8196,dbdff,true,03/02/4621
9010,dbdcc,false,12/09/4562
6046,hhefi,false,09/04/5085
8266,dheha,true,26/06/4398
2340,hbbad,true,06/05/5111
2633,aihab,true,14/12/4619
7077,bchde,false,25/05/4414
5871,bcccc,false,28/03/5311
3282,ieidf,true,22/05/4123
4885,ccdie,true,04/10/4316
3349,ehddd,false,27/09/5578
8549,fddab,false,30/04/4254
7851,aedbd,false,27/10/5671
822,cahih,true,26/11/4173
108,fdeda,true,15/01/4081
332,adeab,false,12/09/4212
4305,dache,false,20/02/4296
4310,hcecf,false,22/08/4489
6283,fadba,false,18/12/4891
9260,caefb,true,07/10/5370
204,bacfd,true,14/09/5255
3476,dhade,true,22/12/5087
9349,hhbbd,false,14/04/4997
6451,bdihd,false,19/01/5660
7330,edecc,false,30/07/5327
5026,icaad,false,19/03/5022
198,dahcb,false,04/10/4021
8303,faied,true,21/10/3891
8523,ddihb,false,17/08/4894
8253,fehac,false,29/01/5243
4744,abhie,true,23/11/5114
2033,bhiad,true,11/05/3938
5522,bhcad,true,08/01/4833
6857,fbeea,true,07/03/4131
2314,cahca,true,03/12/4812
4487,eedfc,false,19/11/4274
8980,ididd,true,20/05/4955
9445,cebif,false,04/11/4164
8869,bihdi,true,25/02/4188
7101,icfii,true,04/03/4747
1631,eabec,false,31/02/4450
2424,ifdbh,true,05/05/5038
9742,cidae,false,15/08/4603
1808,hhiad,false,28/02/4464
2418,ffahi,false,06/01/4541
6699,fhibf,true,17/05/5727
3633,fchff,true,22/11/5128
1310,ddhcd,true,13/12/5720
5559,baafh,true,03/04/3947
6488,aeiaf,false,11/12/4447
7324,eidhe,true,16/12/4644
858,hhcbd,true,02/07/4038
3779,icccb,true,16/02/5612
7424,bdife,false,16/12/5622
6666,ffbfi,true,22/10/4673
9387,iecbh,false,30/02/3958
5414,eccid,false,24/09/4823
8463,hibdd,true,10/06/4163
936,iicda,false,27/02/4710
7953,aefbe,false,01/06/4403
780,bdeib,false,07/09/5343
7768,fchce,true,23/11/4809
1356,dbehb,true,18/11/4425
3215,cdceh,true,02/06/4456
6166,faeid,false,07/08/5118
7024,feffe,true,27/07/4985
7907,abcdh,true,22/04/5181
9992,icibi,false,19/11/5723
6822,bbafe,false,02/10/4756
2164,ieiff,false,06/01/5544
6714,cedbh,true,06/07/4278
6680,bbhfh,true,14/05/4688
1784,cidec,false,05/09/4145
646,cacfc,false,10/04/4246
333,bibee,false,09/10/4069
8183,hbibc,false,05/01/5169
7712,iccic,true,02/07/4880
1252,bfcad,true,24/10/5841
368,fbbah,false,30/07/4367
3946,fdfcf,true,17/12/4514
2308,ifhha,true,15/10/4405
7421,aiddd,false,16/09/5426
7856,aieai,true,05/07/5550
2351,hhehc,true,29/03/5366
5779,dccif,false,25/12/5774
7648,ifbhe,true,13/04/4295
9101,ifcha,true,17/04/4643
9438,caifa,true,05/01/4316
6567,bfidd,true,03/01/5120
2894,cfdbi,false,23/09/4256
7345,dahfa,false,28/09/4481
2795,febib,true,29/09/5128
9543,bdadb,false,08/10/4703
3466,eadbc,true,08/05/4122
6463,hifef,true,27/10/4324
6219,ccifb,false,26/04/4681
4940,chdaf,true,06/10/5560
637,fdhhb,true,22/10/5851
2759,edccc,true,29/11/5413
7121,hciif,false,26/02/5305
7186,achch,false,10/08/4932
7893,fdeea,true,28/10/5348
2351,cedee,false,26/06/5841
624,ebaed,true,09/05/5241
573,ddiec,false,25/11/5319
3638,fbhic,true,26/11/4846
9869,aifhb,true,20/03/5534
2073,iehfe,false,24/09/4345
3186,cbadc,true,08/01/4863
5771,dbaba,true,30/09/5323
5074,afdee,true,12/11/4160
2192,hcicd,true,15/02/4944
7496,ifdbf,false,05/12/4341
1986,aiefb,false,20/11/5150
3723,fabef,true,03/05/4346
2375,hbaee,false,14/05/5526
7890,hfabh,false,13/06/4185
4587,hiied,true,18/12/5050
4906,eiafb,true,16/05/4132
2226,feddd,true,03/12/5847
9170,ccaba,false,05/07/4580
1041,ecdfi,false,09/05/4425
9302,achbc,true,10/09/5913
8137,fdbbc,true,29/10/5431
5082,dehif,false,18/10/5652
799,iafhe,true,10/09/4725
7956,dhhib,false,28/02/4329
4267,fdcih,true,08/07/5431
2454,cefde,true,07/11/4585
6451,dchfi,false,21/01/4507
1206,ibcce,true,25/11/5953
3435,fhcic,false,30/02/4989
1663,ffhfd,true,01/11/5148
1049,biach,true,29/01/5935
1779,aidhe,false,03/05/4172
6389,iacfa,true,09/12/4444
454,bedif,false,08/12/4637
3019,iceff,false,17/10/4334
2180,ebchd,false,29/09/4834
4133,iaaab,false,22/01/5056
5669,ahbih,false,13/07/5757
4094,fhiec,true,02/10/5465
9469,aacei,true,05/05/5891
6310,beabf,false,13/07/4307
5803,eeiaa,false,23/09/4562
2480,biiae,false,23/05/4147
6718,ibhhd,false,31/03/5133
4109,ihiii,true,07/04/5786
4192,ahbec,false,02/12/5386
705,hhhfa,true,17/02/5646
6039,aibfd,false,04/09/5818
7582,dbdfi,false,30/04/5673
5080,biaaa,false,05/10/4364
5940,eabhb,false,24/06/4684
1250,cidbe,true,07/09/5518
7916,hefcb,true,28/01/4933
7735,deach,false,22/12/5058
1886,dhhbh,true,08/05/5607
4231,deeie,false,12/11/4728
4291,dicie,true,19/02/4304
1900,edcde,false,08/06/5210
3152,icida,true,04/07/4507
7884,dcidd,false,20/07/6060
138,bidei,false,07/01/5294
3071,fbdce,false,14/05/4165
9373,fffhb,false,06/09/4217
4590,bcbeh,false,14/11/5222
5375,hedbf,true,01/05/5431
5694,eibcb,true,22/02/6054
188,fbaed,true,14/01/4865
4284,bhicb,false,26/06/4427
3458,ehadd,true,03/12/5318
6384,ihccc,true,29/07/5897
7506,dfdec,true,28/05/4287
9246,dhcce,true,11/11/5919
3499,ebhei,false,07/05/4652
8593,fheia,false,26/07/5326
5122,eecfb,true,06/01/5976
4841,bafdb,false,10/04/4182
5158,eacfh,true,12/07/4856
5112,effhb,true,11/03/5924
9547,hedaa,true,28/11/6001
4237,cfhhb,true,22/01/6029
6866,achia,true,11/03/4333
3581,iaahi,false,09/03/4985
4538,ebbic,false,24/09/5873
8212,bdiea,false,02/09/4900
5490,eiifh,true,31/02/5213
2241,aciah,false,23/10/6078
1079,hbahh,true,31/06/4655
2389,diaaf,false,28/12/4759
8635,fdfdd,true,28/07/5179
4964,aidie,false,14/01/5575
8056,dacia,true,27/04/4838
8906,eibie,true,08/02/4331
9626,hifdi,true,23/05/4864
8205,iaacd,true,07/03/5231
2942,daedb,true,25/05/4465
8485,eheii,false,26/08/5693
1542,ihdca,true,11/12/4821
1804,accib,true,28/06/5513
55,haheh,true,19/11/5053
8585,fbhcc,false,30/05/5286
8113,bffdb,true,02/02/4819
3127,cedib,true,09/01/5681
2152,dfcdc,true,10/06/5650
565,ehacb,false,16/10/4463
4303,aiaca,true,29/11/6134
3533,eehcd,false,13/04/4709
6317,dbici,true,31/12/4757
8952,eihia,false,10/04/6125
8640,acidd,true,11/08/4765
6392,ebhcb,true,13/12/5634
9799,edbeh,false,24/06/4462
7597,bbabd,false,24/12/4271
764,dahhb,true,18/11/4426
531,hcecf,false,17/04/5097
6114,cbbab,true,01/03/4834
422,fbbff,false,06/11/5049
3208,aabed,false,31/07/5613
7364,ccbdf,true,26/03/4290
5197,cdehe,true,10/12/4483
9068,bcihh,false,06/11/6104
8278,hibid,true,13/04/4679
8902,beffb,false,18/11/5102
1776,bfcfe,false,01/02/4531
1405,bbbfe,true,06/01/5664
4567,dacbe,true,02/03/5972
8732,edaib,true,30/04/5432
5724,hccce,true,29/02/5178
3253,chdch,true,23/05/4442
6215,fdicc,false,25/03/4935
3112,dbefi,true,17/10/5228
7130,fhhai,true,16/03/5370
3101,aahaa,true,10/08/4348
9488,acbeh,false,10/01/5089
3050,eafcd,true,27/01/6152
5024,efaba,true,06/11/5736
6757,heafh,false,15/07/4738
2842,fehid,false,21/11/5939
3737,ebdbi,true,07/03/4834
4209,eeehh,false,29/09/4755
8693,eeaah,false,23/10/5294
295,bhcdh,true,15/02/6036
9480,bifde,true,08/03/5151
9661,hhaaa,true,13/03/4945
5801,bidai,false,28/07/5098
8773,abade,true,08/09/5821
4145,fdeba,false,21/07/6117
3992,fdheh,false,20/01/4508
3690,bdfhf,true,29/10/4369
8669,ihfci,true,30/10/5884
5083,aadha,true,20/07/4775
3384,bficf,false,28/04/5487
3066,ceeab,true,06/09/4795
7743,haicf,true,07/02/5592
1937,bbaic,true,02/09/5008
7805,haadh,false,14/08/5487
8701,bcihc,true,06/07/6120
6451,dcacb,true,05/11/5546
498,ihcef,false,11/04/5518
9591,dicab,true,09/11/5018
9546,hhbef,false,07/09/5842
3581,aedia,true,20/07/5113
8186,dbiha,true,01/05/5242
4879,bdiac,true,04/10/5922
2101,bhbif,false,26/02/5845
1851,hbbce,true,24/09/5421
6648,iebed,false,04/03/4978
9208,acfhe,false,05/12/4495
1684,hdeih,true,24/04/5075
1058,dcchb,true,18/10/4998
2298,edhae,true,01/01/4393
4984,eaieh,false,30/06/4434
4281,aaheh,false,04/06/5735
8971,dicbh,true,10/01/5208
143,hacbh,true,25/07/4901
6583,addia,false,01/04/4513
6397,bdiah,false,10/06/5921
243,cbbie,false,23/10/4387
7791,daadf,true,15/11/5701
9485,dhidd,false,03/05/4519
2264,ffbcb,true,31/07/5900
7207,fieec,true,19/02/4403
9962,hceff,false,25/08/4734
9000,iibaf,true,30/04/5902
5249,diibh,true,14/06/5837
2538,heebh,false,23/12/5964
7477,cbbff,true,30/09/5823
7592,eefca,true,17/04/4509
1118,cceff,false,16/09/5741
3495,aiacf,true,04/08/4656
2496,hhbif,true,05/02/5151
1627,abeah,true,25/07/6314
1931,hccba,true,16/02/4992
8371,efbba,true,21/07/4912
2743,hcfda,false,18/02/5834
7134,ahdii,false,13/12/5961
1778,feddh,false,01/02/5466
3277,faadc,false,21/03/5217
7481,adada,true,19/10/4764
8161,deabf,false,22/06/4526
3357,fihai,true,08/01/5242
1832,bceii,true,22/07/5036
5179,cafid,false,19/11/5298
5829,hdaeh,false,26/02/5999
1628,dbced,true,12/07/5065
1747,ddddh,false,19/04/6311
9390,aicid,true,11/11/5439
972,ddhbi,false,09/05/5163
4301,cfbie,false,20/06/6335
2419,hdfdc,false,27/02/6217
5660,aeacd,false,30/03/4823
8507,hadic,true,04/08/4907
8671,biiie,true,27/08/5944
3274,aehai,false,29/04/6248
3664,eiicf,true,08/12/4663
6413,dcbei,false,15/03/5688
1854,hicad,true,11/06/5845
8579,iechd,true,22/01/5601
9648,effha,false,20/06/6152
3862,ehaii,true,06/05/5740
3001,bahbb,true,15/07/6175
5747,daahi,true,23/01/5935
8803,eiedi,true,03/03/5312
4050,fbade,false,27/08/4765
9649,hicdd,true,30/05/5502
1645,eheif,false,31/04/4713
583,hfeic,false,30/08/4495
3840,dhfib,false,15/03/4989
9286,acddf,false,08/09/5050
2113,fdbdd,false,25/08/6181
7335,ehiee,true,21/08/4547
3568,fbcff,false,16/02/5620
327,fbifa,false,22/02/6389
4932,iidai,false,20/07/4993
5044,aahbd,false,24/08/4897
3289,bhcdb,false,14/10/5403
6710,dhafb,false,12/03/4786
1240,bfead,false,21/05/5727
9785,fheaf,true,03/01/5742
6619,eifdb,true,16/07/5783
5277,ecdbf,true,07/04/6369
1633,ehcdb,true,11/06/5212
3050,dbiif,false,24/09/6137
3224,aifcb,false,25/09/5898
8479,iddad,true,13/07/5825
7657,fbbaf,false,07/10/5897
9305,bhbfd,true,25/12/4772
1984,diadb,true,04/03/4931
9658,efeih,true,24/11/4859
2897,dbbab,false,28/03/5053
6004,accfi,false,07/11/5186
4259,dhiee,true,26/12/5393
7895,eaheh,false,12/05/5569
4486,idieh,true,01/09/6279
4123,dedai,false,26/07/4805
6682,fabch,true,26/11/6331
3020,heece,true,03/04/5720
4277,idhdb,false,18/01/5740
9953,ifdee,false,14/01/5981
8516,dbafe,true,22/09/6100
508,edddd,true,10/05/5246
4490,cifhd,true,09/10/5785
181,fdbbd,true,10/12/6045
936,hhehh,false,29/11/6333
8945,hhfda,false,09/06/5167
6904,iadih,false,16/05/5431
178,eaafe,false,20/06/4746
6321,cecih,true,27/05/5445
9727,ehiih,false,16/11/6360
5872,bhcaf,true,12/06/4759
5715,cecbe,true,31/03/6097
9962,bchhd,false,19/02/5051
23,fcefe,false,09/03/5228
8815,bedfi,true,12/02/4901
681,abdha,true,23/11/4681
1678,fhcci,false,27/08/6114
8813,ecdeb,true,14/04/4672
7808,dfhfd,true,03/07/5735
201,bcdda,true,07/01/5976
1169,chbcf,true,26/12/5546
4539,ahafi,true,11/02/6175
2598,hifhf,true,27/06/5074
1399,ebhcd,false,19/06/5108
9502,bihfi,true,29/02/6178
2511,fbcdd,true,23/07/5997
7238,bhdci,true,29/12/6236
8775,hdheh,false,11/06/5907
8022,ccbfi,false,27/07/4816
3132,dcdah,false,22/07/6316
8143,dided,false,07/05/5045
6251,cdbda,true,02/10/5630
3012,dfibf,false,17/11/4793
9257,iheee,true,10/09/5050
2015,dbcaa,true,03/11/6101
9960,ebchi,true,19/07/5869
1498,eddef,true,23/09/4891
4208,accii,true,16/11/5152
4194,dbdff,true,31/09/6424
4594,ehdei,false,23/04/5950
7469,aceec,true,05/05/5788
258,bicad,false,29/12/6145
4872,ffiii,true,05/01/5427
5574,aaheb,false,11/10/5216
3917,adcae,true,06/06/6032
6377,icfhi,false,10/04/6383
2360,edihi,true,23/12/5895
5390,hbibf,true,21/05/5285
3729,adhce,false,08/03/6450
9589,fbidb,true,13/07/5657
3613,dbfcf,false,06/09/4742
1728,fabaf,true,13/03/6006
2511,ebdec,true,26/10/5786
8244,hdadb,false,21/06/5920
4019,baieh,true,01/11/6198
8314,adbia,true,10/08/6378
118,hiifb,false,24/12/5767
9105,hbfac,true,09/12/4850
7776,bfcai,true,28/08/5604
668,bfice,true,31/12/4934
1618,cfhei,true,19/07/4969
5993,bdhfh,false,19/01/4797
3338,bdeaf,false,06/07/5863
3837,beahe,false,23/03/6089
6472,dhhdh,false,20/07/6233
4406,ihcfa,true,19/09/6378
4281,afdch,false,25/08/5092
1919,idabd,false,09/10/4821
429,dffdi,false,02/12/5504
7545,acbca,true,18/03/6238
1829,fhadh,true,03/10/6405
8374,aaice,false,28/04/5929
6215,iifaf,false,16/04/5224
681,ffcef,false,01/02/6019
3359,fhfie,true,06/03/6373
1008,ifbah,true,03/06/6602
700,ihhei,true,02/08/5338
1885,ahhbc,false,15/06/5001
7612,ibfdh,false,27/08/4846
462,aiahf,true,22/08/6545
4358,afiae,true,18/04/4765
5524,dcibd,false,04/02/5147
8747,fbiei,true,13/09/6547
2964,cabaf,true,24/11/5185
1275,dfifb,true,14/03/5628
843,fbhab,false,01/03/6635
2434,ffdbi,false,12/09/5467
5257,caadf,true,25/06/4745
7966,chbdc,false,28/12/5043
8430,fdadd,false,01/01/4962
8487,baehb,true,29/02/5395
7069,eiiea,false,15/11/6646
6418,ffdcf,false,11/05/4946
3579,ibabc,true,09/08/5484
8193,bhffd,true,26/08/4936
211,fhdbc,false,15/04/5509
2174,ahhhh,false,04/09/5952
6232,ffbfi,false,19/02/5258
1782,dafhd,true,14/06/6216
5597,hfdcc,false,22/08/5328
7762,dcaca,true,22/01/6431
4721,ifaeb,false,30/10/5849
5127,hhdei,false,10/10/4994
7601,afdff,true,11/04/5250
2520,aichf,true,17/09/6440
843,aefdc,true,23/10/4886
2173,fddda,true,13/11/5627
4996,fhhbb,false,11/03/5475
9134,caaib,true,15/12/6455
9742,cacdf,false,31/03/6309
8069,dfhcb,true,20/04/5090
2970,edaeh,true,03/02/4886
7669,ediea,false,27/07/5476
2295,hbcde,true,28/12/6229
3092,hiefe,false,27/07/5372
2492,cfdii,true,15/06/5650
1097,fifab,false,06/12/6609
8017,hdfdd,true,23/01/5561
8590,ahdha,true,10/01/5017
1472,chceb,true,03/12/5435
9778,eedac,true,24/02/5152
5588,aebcc,true,30/02/5991
4985,caeii,true,26/12/5088
9692,dfbfi,false,05/07/5810
2864,abace,true,12/01/5213
3199,hdcfh,true,15/12/6607
1328,dfefb,true,24/05/5803
1225,hcbcf,false,21/05/5490
2117,iadac,false,03/08/5590
7970,cabae,true,07/02/4902
5513,aaede,false,12/11/6179
8922,cbeac,true,03/12/5449
7540,effhb,true,10/02/5894
9683,bdbaa,false,18/09/6587
3923,cdcee,false,07/06/5256
939,cihhd,true,16/04/5424
9308,aaccd,true,10/01/5707
3542,deeaa,true,03/12/6563
1661,bbdbc,true,26/06/6542
2433,hdhhd,true,04/09/5384
4527,dbbbe,false,09/05/5320
2715,aihib,false,14/12/5665
8916,bebif,true,05/03/5006
2241,fedbi,false,27/06/5626
4065,caaff,false,06/07/5414
4280,ciiac,true,05/04/5118
5324,dhebf,true,20/06/5121
8509,fcibf,false,06/08/5052
7135,aabed,true,30/05/5576
5066,feabc,false,25/09/6583
4638,bbfci,true,30/12/5657
6417,aaade,true,03/03/5152
203,aecba,false,16/05/6561
1995,cfdbi,true,19/12/5144
278,afffi,false,02/12/5764
2988,babda,true,29/11/5259
4867,dhebh,false,15/12/4906
6269,cbaie,true,09/07/5079
9316,ddddf,true,31/10/5649
2726,iebdc,true,24/10/4974
8319,biief,true,18/01/6210
3626,habcf,true,17/04/6030
8536,ihedb,true,25/10/5123
761,chhbh,true,21/02/5761
1747,edfcf,false,16/11/6354
7149,fhchb,false,14/09/5866
6970,bhicf,false,10/01/5319
971,ahbei,false,19/11/5777
2340,ahcae,true,03/03/6483
5560,bhdcc,false,03/02/5058
2931,ffhbb,false,15/12/5324
7757,bbhab,false,20/07/6670
4478,ficdc,false,20/08/5038
6702,cidia,false,05/11/5121
9202,eeeai,true,12/05/5755
2309,ifbfa,true,29/04/5495
6348,bbiie,true,07/01/6181
5859,dhhfb,true,06/10/6296
5790,hecib,false,02/01/6046
8454,bhbba,false,08/11/5850
9101,ccche,false,01/10/6692
4378,cihad,true,02/03/5852
2051,ihcbd,false,21/05/6288
8617,acehd,false,13/09/5862
8683,dceah,false,11/04/6199
1337,dhecc,false,26/05/5599
4082,bbded,true,03/05/6820
618,ccibf,true,16/10/5701
1242,eeecc,true,28/02/6367
5674,iibbi,true,25/08/5334
39,bbbfa,true,28/06/4975
7069,aadda,false,29/06/5835
4009,eacih,true,29/04/5676
1226,hcbee,false,09/11/5560
7561,eadee,false,03/11/5768
8092,idiic,true,09/01/5642
7906,aihdb,true,16/07/6846
2625,dfhff,true,27/07/5386
760,fbiei,false,14/12/5664
7939,beadh,true,27/12/5508
5524,ccdcb,true,16/09/5036
5959,ccdai,false,10/07/5029
827,ehefb,true,06/07/4989
5858,habbh,false,01/06/5891
8604,ccffa,true,26/11/5390
393,adiab,false,19/11/6591
8476,hcdhb,true,03/03/5533
4245,ahbfh,true,08/03/5468
8606,hehfa,false,19/12/5854
4935,aefhd,false,10/03/5394
3850,hhhhe,false,03/12/5632
2927,edbae,true,05/05/5659
6179,hebai,true,25/02/5793
8983,aaihc,true,09/12/6662
5514,dcbhh,false,28/01/5816
7279,fcida,true,13/04/5012
8776,bbhdi,false,19/06/5393
7369,bhbdb,false,06/04/5895
4793,ecfib,true,25/11/6414
3210,dcffc,false,25/09/6518
3681,hdade,false,08/09/5336
3221,beaib,true,15/05/5108
1023,bhabb,true,15/05/5966
9921,dbbdf,false,21/02/6833
1911,hefhe,true,26/12/5629
6957,cdicb,true,07/01/6316
8178,eabhh,true,09/06/5135
1346,habbe,true,20/07/6859
717,caica,true,05/08/5551
7867,ebfcd,false,21/10/6237
6966,fcfdc,true,21/08/6886
4628,haiid,false,27/01/6508
7275,dfhce,true,29/12/6460
973,eaida,false,16/08/6651
8389,haahf,true,15/07/5744
9589,cfdcc,true,13/04/6578
8781,cffed,false,31/08/5676
1052,afbfb,true,29/10/5051
3887,dcbfh,true,05/09/5661
1197,idhbi,false,11/03/6118
1761,eecca,false,15/07/6886
207,bdcef,true,13/09/5795
4677,hacdh,true,20/07/6325
7345,fhded,true,30/04/5397
4799,hfcef,true,10/03/5775
895,ciehe,false,16/07/5721
5863,hhheb,false,11/02/5092
9590,dbadc,true,04/01/5581
6111,cecie,true,26/01/5133
621,fcabi,false,28/05/5207
9656,cdcib,false,24/02/6007
8298,deddc,false,01/01/5675
8888,ieidd,true,13/02/6234
888,ahdef,false,01/12/6552
1137,hdcbi,false,01/07/6462
3519,ffeca,false,12/03/6135
1531,afdfe,true,31/07/5302
3672,fbcea,false,28/07/6089
8476,idefc,true,08/08/6617
847,cddei,false,04/07/6511
2924,aaehd,false,15/09/6109
236,hbeef,false,23/09/5807
98,hfheh,true,26/04/5244
2013,diicd,true,03/12/6704
6492,cbdid,false,21/05/6394
9221,fcdih,false,17/06/6219
8437,dbaah,false,17/09/6112
686,diede,true,10/08/6770
6911,eddaa,true,08/10/6824
2644,eehcb,true,24/01/6185
4034,afefi,true,22/02/6397
5112,bdiad,false,25/12/6088
6450,ehidh,true,20/10/5568
3219,heiee,false,13/02/6486
8020,ichhc,true,10/11/6135
3375,iebce,true,18/02/5419
7741,eaiah,false,25/08/5798
1851,efddh,true,21/04/5906
2681,idcfh,false,23/01/5277
6323,ccbae,true,22/01/5485
3768,cfdca,false,29/09/5144
3575,chicf,true,22/04/5179
457,ffeac,false,26/06/6147
7407,ihfab,true,02/10/6125
8809,adcee,true,24/03/7014
211,cdihd,false,17/07/6784
6540,ihdhd,true,28/06/5994
2999,fadce,false,02/11/5317
2247,aecbf,true,02/05/5208
9774,aiiaa,true,16/03/6925
2844,deicb,true,13/04/6089
3552,fddhc,false,23/11/5985
8572,bbdde,true,08/06/5823
5550,cbeeh,true,28/01/6039
9574,hbcbf,false,16/07/6860
882,cbabe,true,26/01/5706
6736,abccd,true,29/08/6266
628,hcbdi,false,14/04/6939
590,eidfd,true,25/04/5374
3893,aiaed,false,04/02/6567
8804,dhbie,true,31/05/5519
5697,aaibb,false,06/12/6417
1088,icabb,true,17/08/6269
5029,baief,false,07/02/6733
6818,dfhhf,true,15/08/5529
5134,ichai,false,11/07/6564
3079,dabec,true,23/07/6873
9608,adihb,true,02/05/5431
1256,ifahb,false,24/08/6458
6976,aedif,false,28/09/6638
2933,eeihc,true,04/12/5246
8584,hcdfd,true,10/05/6942
3596,cdcaf,true,02/06/5977
8561,iiehc,false,12/07/7013
3181,abbdi,false,14/01/7012
9827,aechd,true,19/05/6615
976,icadd,true,13/09/6517
1899,aafhf,false,12/02/5750
2926,bdffi,true,08/01/6480
4309,feeef,false,26/10/7030
2701,hdefa,true,31/01/6609
721,dhiai,false,04/08/7112
6219,bcich,true,02/03/6945
854,heeeh,true,24/09/6269
1549,afiec,false,18/11/5334
9263,ibeic,false,10/08/6067
4888,acibh,false,15/01/5305
62,adbdb,true,29/04/6876
8938,hchbd,true,07/10/6072
4156,ehhcc,false,04/10/5625
277,bcfca,false,06/05/6659
127,icdfh,true,22/04/6423
2631,dbfic,true,23/12/6980
2620,bdhdi,false,29/03/5796
4670,dhhde,true,16/02/5435
700,eeeah,true,30/03/5913
9632,aecce,false,12/10/7105
2271,hhedi,true,07/05/5245
7295,chabe,false,13/11/6349
2645,cbcbi,false,13/05/6386
4137,cfehb,false,22/03/5271
5243,afcdb,true,27/05/7079
8408,ecbic,false,29/02/6924
636,hiaia,true,31/03/5887
4632,cfbia,true,26/05/6360
6646,eciab,false,22/11/7088
4765,efecd,true,31/02/6818
2767,abach,true,04/08/5278
598,ehfba,false,15/05/7045
5709,hidfb,false,06/11/6741
7380,bcehd,true,30/01/5256
2607,efiff,false,31/10/6664
7852,dhheb,false,24/07/5471
901,cciib,false,08/05/6161
6874,dbefd,true,07/02/5592
1357,haicd,true,20/04/5520
576,ddfcb,true,12/08/6435
2163,cdafb,true,27/11/5322
7589,hbeih,false,13/04/6751
2355,cafff,false,27/11/6760
9306,eeeec,false,06/12/6049
4347,bbfcf,true,04/01/5465
5621,ciaid,true,05/11/6908
7993,ffaeh,false,25/11/6768
8708,dfdhi,true,02/06/6691
3877,dhifi,true,25/11/5380
6505,hfddi,false,31/10/6055
8543,deiia,false,01/01/6643
3509,hdhha,true,06/02/5365
2620,bdbaf,false,08/09/6492
6093,icabe,false,26/03/6381
6172,hiaee,false,20/03/6113
7640,ifcbe,false,11/08/6733
3662,feefd,false,13/01/6159
6320,heeah,false,04/08/5434
8763,chace,false,06/07/7122
802,faech,false,22/12/6096
5011,hadii,true,21/03/5861
1533,cacbd,false,30/10/6039
8908,fahhd,true,07/05/7010
7583,hdfhc,false,31/09/5768
8630,ccfad,false,10/12/5573
8044,faech,true,11/09/5996
9453,fhicf,true,04/01/6108
4587,bffbc,true,17/12/6608
8119,fecec,true,31/10/6118
344,abibf,false,18/04/6289
1477,hfhae,true,09/01/5353
3052,dbcdi,false,24/08/6119
3202,cbiih,true,04/08/6096
5498,bhiic,false,20/12/6251
1621,fhhid,false,07/06/6959
3701,ibcfa,false,11/07/6897
44,aiafc,true,15/10/6167
6366,bbhca,true,07/04/6309
3206,cfcif,true,11/12/7060
9445,ehhcb,false,10/09/6059
8780,aacbe,true,03/06/5636
8609,dicha,false,24/03/6566
9587,feheb,false,14/12/7033
6818,dadih,false,27/01/6698
9370,fcbhc,true,27/06/6234
9269,cidab,true,26/04/6404
9136,icifi,false,26/08/6779
5757,ccffi,true,05/12/6337
6330,fdccc,false,12/10/6615
198,fifbe,false,28/06/7044
5988,hhdei,true,30/06/6290
5848,cafib,true,12/11/5943
6335,ccddi,true,12/12/5815
8890,iefhd,true,31/09/5392
9993,bdaec,true,12/02/5605
2817,cfiid,false,19/02/5979
6016,ciace,false,06/06/6377
9886,edhhf,false,26/01/5963
8970,abchd,false,29/04/5991
2470,ddibf,false,02/05/6465
2727,afifb,true,21/02/5797
9349,fafhi,true,27/02/7064
4398,edcfd,false,22/08/6016
7036,bdbch,true,12/12/7101
5081,iaafe,true,13/10/6844
9509,adccc,false,05/12/6703
9359,aiffb,false,14/06/7206
4767,bdiea,true,04/08/6233
5469,ebaaa,true,10/08/6359
7135,ibhhc,true,17/07/6781
1677,cdahh,true,10/02/6748
3470,ddhaf,false,06/02/5891
3737,bfdaf,false,26/05/7155
2781,biceh,false,03/10/7268
7747,ddiae,false,06/08/6319
1589,eibhc,false,30/09/5438
2021,hbece,false,08/06/6718
7292,bdbif,true,10/10/5980
5537,baedi,false,25/11/5908
6638,didcd,false,30/07/5780
2097,daeid,false,27/08/6227
5877,ahdad,false,24/04/6068
4834,difcb,false,17/04/7149
5516,cfabh,true,18/02/6248
1756,cicib,false,28/12/5619
4894,achdf,true,05/04/6707
3002,ddebh,false,10/10/6132
6067,fdcai,false,19/02/6820
2127,abfaa,true,28/02/6761
2674,cbbhi,false,30/06/6428
7466,ebdfh,true,13/05/7314
3746,fibea,true,18/10/6391
4804,bibie,true,28/03/5492
2272,cdace,false,27/02/7086
6914,abdch,true,11/01/6884
5295,haach,true,22/09/6611
1104,dbfaf,true,17/03/6040
1311,ecfbi,false,10/08/5526
6212,ihhhe,false,16/02/6920
7484,bafcf,true,22/08/6943
3037,hdhac,true,14/06/7296
6934,faibc,true,23/07/5465
3886,cdfha,false,17/01/7123
9028,ihffe,true,07/03/6073
2207,fdchd,true,30/03/7143
8226,biece,false,05/06/5510
7181,dehed,false,22/03/6659
7846,dfaib,true,04/04/6188
57,fbihb,false,18/09/7396
8781,iacec,true,11/06/6418
8565,ifeae,true,09/03/6865
9180,faiec,false,12/04/5803
9153,hfied,false,20/04/6319
5138,ffife,true,29/03/6691
8041,dcdef,true,02/05/7101
838,eaiee,true,24/12/5986
4566,bchfd,false,25/05/6891
4343,cbfeh,true,18/05/6619
1347,fhhba,true,21/08/6822
3379,eeaib,true,25/10/7219
2561,beaie,true,05/02/6695
2096,bichd,false,13/06/5755
3280,fafae,true,14/02/5849
4703,hddab,false,18/04/7282
6448,daidi,true,19/07/6341
7064,fddaa,true,08/10/5632
6278,iaihd,true,03/01/5621
1930,dedeh,true,16/05/6127
4730,ebcdb,true,14/10/7393
1419,haieh,true,16/04/5656
4987,cacff,true,09/09/6526
5381,hbbhd,true,31/02/6239
3666,cehei,false,12/12/7399
7941,hceec,false,11/04/6851
8917,fdeif,false,24/09/6575
1924,hffad,true,16/10/7072
1431,haiff,true,21/03/6330
9234,hhhhf,false,12/11/6960
4998,afdfa,true,16/06/6517
1650,bieah,false,24/12/6920
7259,accbi,true,14/06/7162
8464,dfbfc,false,18/05/6447
9050,diaab,false,30/01/6530
7428,hhebe,false,30/09/7202
9905,aihcb,false,18/06/5939
6986,hfbea,false,13/11/6639
2723,ehife,true,20/11/6568
1299,afhib,true,20/04/7308
5003,ebiaa,false,04/03/6457
104,dcibi,false,01/02/6759
962,ifhfh,false,22/12/6558
1521,bdaad,false,25/08/7161
5957,hefcf,true,04/08/6084
9432,accih,true,02/07/5712
2500,aiehb,true,02/04/6303
62,dhiih,true,16/02/7149
2833,hhefe,true,05/01/6281
4696,dhbhc,true,07/09/6550
8825,idbhh,true,21/10/6926
3540,babfb,false,05/07/7251
5434,hhffa,false,19/11/6455
7936,hbbbh,true,20/03/7109
1805,fehie,false,09/12/6197
7774,dbhea,true,16/08/6995
2438,adbda,false,15/05/6846
201,adhcd,false,05/01/6820
2670,cdafe,false,13/09/7485
3218,ecbab,false,02/03/5816
9989,chaea,false,13/01/7282
6653,dciac,false,15/03/6637
1711,ehihf,false,03/06/5833
780,iifff,false,13/01/7177
3582,bbhhd,false,08/01/6595
5085,ccdcf,true,16/05/7280
8866,abbcc,false,16/08/7410
4010,eahch,true,25/12/6171
4728,hcbde,false,26/04/7361
5282,hfbfi,true,30/09/6558
4825,dhaab,true,04/01/7213
3381,heaee,false,05/09/7097
5918,baidf,false,23/12/6392
8233,ebhec,true,13/10/5884
4911,bcbdd,true,01/08/6723
733,hbhih,false,29/04/7232
5209,hdchi,true,31/04/5805
4806,ebcec,true,14/04/6477
5424,cdeae,false,16/11/6348
9592,iifee,false,15/08/6300
2266,hcfaa,false,29/04/7373
7733,bcbeb,false,27/09/6163
6524,ffiff,true,26/04/7322
4625,ecbhd,true,27/09/6749
6683,fdibi,true,16/10/6766
9644,acahi,true,11/09/7016
7604,aefbd,false,09/02/5820
6031,bahdb,true,12/08/6693
436,effah,false,21/12/7021
7801,ebehh,false,01/12/5853
3091,fhbea,true,16/06/7221
425,ciiec,true,15/05/7337
5140,abchh,false,17/07/6162
6812,ibaab,false,17/07/7006
9929,hddha,false,18/02/7541
5263,fcchb,true,19/06/6988
8287,hfbde,true,16/02/7466
6139,cbbae,true,23/06/6058
9479,heeeb,false,13/10/6531
1049,dfeed,true,24/09/7079
1526,edada,true,12/02/6137
9622,faeae,true,20/06/6557
9962,ahfeh,true,13/01/5911
8777,ddahh,false,01/04/6231
7091,dfhee,true,10/05/5793
9977,fefcf,false,13/03/7487
3267,idadc,false,13/09/6963
929,cbafh,false,31/07/6211
2316,iifda,false,30/06/5749
2702,chech,false,17/03/7449
5790,hhfhd,false,27/12/5991
681,aicai,false,02/02/6323
2953,bbcee,true,24/02/6097
6932,idbbh,true,09/06/7321
2546,ehchb,false,11/11/6552
8460,caehi,true,19/06/7269
5171,cbfbh,true,07/09/6401
3185,hhibi,true,02/05/6930
7164,cecaf,true,01/08/7120
746,hfadd,false,08/05/6823
1330,eibeb,false,21/05/7007
5028,fibai,true,08/09/6527
2796,hddcc,false,21/02/7645
7840,cdfaf,false,11/02/6261
8444,aiccb,true,30/03/5946
2322,bfchb,true,12/03/6759
4325,efcai,false,27/09/6113
9133,deabi,true,06/12/6768
9612,addaa,true,25/10/6511
4964,hieid,true,20/01/6427
4863,bfidc,false,27/01/6229
1591,affbe,false,04/05/6332
1132,hdadf,true,11/01/7572
9215,cacah,false,06/07/7615
5813,bibai,true,18/10/7205
8844,heedh,true,08/11/7629
6682,bfeee,true,18/03/7086
6805,dbeac,true,25/05/5935
7136,cficb,false,18/07/6389
4967,fcice,true,16/12/6401
4058,dbacc,false,28/11/7010
2060,ifdbd,false,02/10/6089
5632,cciib,false,19/05/6204
8448,eifib,true,16/12/5800
5108,efiee,false,05/08/6980
7627,hebbe,false,11/03/6727
4453,bbfei,true,06/11/6526
59,eaeaa,false,20/01/6905
3974,eiafa,true,17/08/6084
1401,hecdi,false,31/09/6628
8803,dffff,false,12/09/7384
3880,icfie,true,20/08/7620
256,efehc,true,13/03/5821
2162,debad,false,26/08/5869
5136,cbebf,true,01/07/6088
9459,ihhea,true,23/02/6956
6200,afied,true,20/07/6099
5244,ddeci,true,16/07/6435
2354,dieab,true,17/08/7617
4225,fdfdi,false,29/03/6848
6571,bacbf,true,05/02/6786
8817,ffdfh,false,27/12/5984
8430,chhae,false,14/06/7123
3884,ddeci,false,19/06/6494
8702,ebhdc,false,24/12/7143
5857,eicaf,false,05/09/7292
5599,hbaei,false,18/06/7102
9928,ehaci,false,20/04/7360
1897,adccd,true,28/12/7740
2675,ffhbh,false,31/02/6268
9760,bfbea,true,20/07/6905
2604,dibda,false,01/02/6608
8304,acdbc,true,20/02/6489
3406,cahff,true,23/11/6119
3344,dabdf,false,09/02/7643
2386,fdeeb,false,21/06/7654
5924,cbbhh,true,12/09/7032
9935,ihbcd,false,21/11/5870
6905,aahca,false,23/09/7587
5938,fbceb,false,25/05/7268
5256,fdfcd,false,23/03/6310
3435,daihc,false,27/01/6400
4704,heeed,true,15/08/7485
4137,cfdac,true,05/11/5939
4595,bcddh,true,20/10/6030
9753,icibb,false,20/06/6708
2000,debhf,false,07/05/6722
2359,iefhc,true,17/05/7185
4024,bcich,true,19/01/6072
2539,haidf,false,07/02/6206
5423,ieaef,false,26/07/7108
632,ebiie,true,17/03/6466
8396,bchhc,false,08/10/7149
7431,ibeic,false,16/07/5959
3932,iacbc,true,27/12/6058
2878,chfdc,true,26/10/5900
14,ehcfe,false,06/07/6952
966,baaih,false,02/12/6006
4689,fefeb,true,31/07/6529
8794,ihdid,true,04/02/7628
4432,bhfhh,true,09/07/7243
9204,ddcda,true,18/06/6060
566,eaiea,true,20/02/7645
8509,hddcc,true,01/03/6419
1249,acfac,true,15/02/7711
9919,fhibh,true,17/05/7098
1464,cbfeh,true,13/08/6009
1004,icddb,false,18/08/7711
8952,ddahb,true,06/07/7449
2814,fhacd,true,12/07/6648
6030,eheab,false,22/09/7247
3472,bebbi,true,04/10/7233
3409,ifbda,true,09/06/7076
1131,chhac,false,13/06/7278
6554,ehhee,false,31/03/7541
372,daafe,true,27/07/6549
3346,dbhda,true,27/03/6552
8357,ibihb,true,19/04/6937
7872,dcbhd,true,13/06/6261
3227,ediai,false,16/02/6013
6222,eahdd,true,26/06/7525
2958,efeid,true,13/06/6866
8306,bdebf,false,05/12/6250
5866,cefdd,true,20/01/6372
5457,cicfe,false,17/02/6087
5430,ecdaa,true,18/08/7539
7294,aiabh,false,15/09/6146
5130,cafic,false,04/05/6161
1540,ibhhh,true,24/07/7821
3343,edchh,true,14/10/6853
8592,ebihf,true,21/06/7244
2530,fhfbe,false,19/11/6258
1231,acace,false,16/06/6417
2289,eiefa,false,21/11/6081
742,diced,true,27/09/7432
6471,aheha,false,05/02/7026
4286,bcfhh,true,15/10/6249
9264,dccbe,false,15/04/7424
6784,badbi,true,10/07/6087
3503,hhiab,false,14/10/7257
9384,baiie,true,19/02/6295
2971,deefi,true,06/10/6669
7268,iaeea,true,30/06/6501
7901,cicdf,false,28/02/6944
4689,icdda,true,30/03/7479
3043,didfd,true,25/08/6825
3013,bfdff,false,14/01/7897
5121,icfeb,true,20/02/7220
6931,iehaf,false,23/11/6145
5086,hcdbh,false,02/12/6218
4487,dfhdh,true,18/10/7775
5537,hiica,true,05/06/7871
6850,dbbhi,true,28/09/6871
9536,iefaf,true,13/09/7574
8240,bhcab,false,13/12/7607
2962,dhbid,false,14/01/6450
4011,cdicd,true,30/04/7742
6775,ieabd,false,28/12/7228
3269,bdbic,true,16/10/6964
7828,eceae,true,06/07/7885
6890,beafd,false,21/10/7407
1029,hdabi,false,24/07/6613
7122,ceaaf,false,12/12/6107
2674,iiihf,false,11/02/7015
2337,acbdi,false,18/05/6343
7274,cddaa,true,03/11/6088
3872,hibfe,false,07/02/6566
8752,iface,true,09/03/7023
4431,beeff,false,21/03/7845
4131,bhhah,true,25/04/6090
3102,faacb,true,30/07/7114
6887,hccaf,false,17/10/7267
8281,debbf,false,22/10/7835
9281,ieabe,false,21/08/6377
1432,ehbfh,true,25/02/7841
8790,ieehf,false,11/01/6910
9837,abeha,true,03/03/7180
3303,hachh,true,12/04/6711
991,chbha,true,18/04/7883
7493,ifadh,true,05/08/6529
9393,bdecf,false,28/11/6684
7407,heief,true,19/08/7631
6146,bicid,true,11/08/7243
432,iaeeb,false,14/04/7949
3228,aaabc,true,07/11/6791
2789,iacaf,false,23/11/6882
6793,dfbde,true,04/08/7512
6890,eidci,false,26/09/7981
9244,chhea,false,31/07/7715
7832,addcd,false,29/04/6544
8747,idabh,false,02/05/7347
7640,hhhef,false,02/11/6757
6571,icbcd,false,03/07/6495
4623,fcebd,false,06/01/7069
5721,cehhi,false,25/11/7108
5891,ahiah,false,17/02/6192
1862,hcahb,true,21/04/6715
46,ehdba,true,23/06/6624
3440,ahhdb,true,07/08/7511
2380,ehddb,true,30/09/6338
8078,ccifb,false,18/10/7649
556,aeabi,false,04/07/6387
9274,cacea,false,12/01/6648
1103,iacif,false,02/10/7295
2705,bfdcc,true,05/10/7220
8098,ecfde,true,19/09/6880
92,adhia,false,15/05/7562
8287,hicif,true,02/02/6249
1405,iaeac,false,02/08/7796
9204,ddahh,true,03/12/7203
4421,ibcde,false,01/09/6817
1686,biahf,false,18/08/7291
6798,cfiei,true,21/06/7360
9393,adcic,false,13/11/7967
2774,ihcdh,false,16/05/6913
9459,fahfh,true,27/04/7781
509,iebdb,false,08/06/7592
5108,diaef,true,29/07/6878
3965,aaeha,true,02/02/6925
2657,cbfca,true,08/04/7008
5821,hfeff,false,22/10/7567
6490,eaiae,false,19/06/7740
1810,ifhbe,true,14/05/7133
7617,bbabh,false,20/07/6250
3248,hihfe,true,16/06/6692
4181,bihcf,true,29/11/6845
8011,hafea,false,10/06/7307
3504,hcihb,false,30/07/7349
1929,adihi,true,18/04/7185
7059,hbefd,false,24/03/6702
7065,abdif,false,18/05/7673
8611,chcdh,false,23/07/7865
3724,fabhe,false,03/01/7748
9474,ibhfb,true,09/03/7660
6106,fiacd,false,24/05/6780
4632,aaafi,true,27/06/6473
1936,fbdei,true,17/07/6977
2795,difbh,true,11/09/6229
351,bhecd,false,15/01/6771
2809,caibd,true,27/06/7120
7832,ieedi,true,25/10/6254
4389,ihieh,false,27/06/7400
512,befhb,false,31/11/7337
4375,eidch,false,28/07/7158
7321,daibc,false,05/06/7897
1568,heabf,false,17/08/7464
7689,aihaa,false,07/06/6905
7605,addee,true,22/10/7775
306,hibdi,true,23/10/7209
1560,dcihh,true,13/04/8086
3903,cbhdb,false,15/04/7597
3033,edhad,false,02/08/8058
5198,ebehi,false,05/04/6315
2176,edfbh,true,09/01/6633
7972,hafch,true,09/03/7409
1382,hiade,false,07/12/7036
1397,dfedh,false,17/05/7735
7352,fbhda,true,15/09/6476
9051,fedef,true,06/03/7911
3395,bbhhe,true,04/01/7616
9353,eidbc,true,02/11/7635
5981,afdfh,false,15/05/6847
7629,hbfha,false,22/12/7032
5945,bdhdd,false,26/03/7516
4986,addda,false,17/09/6696
8460,idaba,false,07/06/6413
8740,dicdb,false,11/06/7791
4233,ccica,false,23/11/6799
4801,fieid,true,26/02/7628
7909,aahaf,false,20/12/6710
288,ahecb,true,07/05/6377
6995,iaeha,false,29/06/7791
1668,dfbha,true,19/12/6851
7113,ifede,false,28/09/7029
7494,fcibi,false,25/10/6456
82,biahh,false,17/05/7714
6193,ciffb,true,15/09/8099
8872,ibeef,false,25/12/6517
5374,bihea,true,05/12/6857
8516,eadii,true,24/07/6657
4039,cfaid,false,28/05/7638
1742,ehfaf,false,28/03/7373
5719,dahia,false,22/04/7323
3828,hifdf,false,20/09/6505
6629,bfhhf,true,07/02/7395
2335,dfcbd,true,16/10/7130
8311,fidfc,true,10/06/6414
177,cceci,true,24/07/6422
3243,idhbf,false,07/04/6493
4979,fccbb,false,22/04/6303
5721,baibb,false,10/05/6536
5901,fbebb,false,16/10/7178
2429,bihbe,true,27/07/7694
5071,diiea,false,14/04/6875
8090,fdhba,false,07/10/7580
5583,daaid,true,28/05/7098
251,dbaie,false,19/09/8157
1521,aabah,false,24/02/6700
9643,bifdf,false,30/09/7328
6947,chcfb,false,21/07/6854
4209,eibcf,true,13/01/6325
8404,eccaa,true,12/05/7039
2687,efcei,false,03/12/6804
1932,hchdf,false,04/06/7079
1175,bihed,true,08/11/6381
5151,cbfic,false,14/11/7882
9688,iabcf,true,13/01/6987
6390,aebad,false,02/06/6578
5131,fehda,false,07/08/6688
514,habdc,false,21/01/7321
4751,aheba,true,31/01/7251
9509,ddbhe,false,12/07/7578
4563,hdbci,true,08/01/7150
6700,abbdd,true,28/09/7491
1254,hadah,false,01/03/7943
6092,eachh,true,15/07/6619
8311,fhaea,false,10/09/7380
2009,biabi,false,31/08/6743
4075,hfhcb,false,31/12/7255
3907,icebi,true,28/06/7905
4468,beaea,true,21/02/7728
1363,eecdf,false,04/02/6966
3347,eheha,false,25/11/7641
7062,hbcfc,true,10/07/6354
6370,acffh,false,03/11/7805
9758,fabci,false,05/08/6424
107,fcaee,false,31/09/6833
1004,cbaac,false,20/07/7039
6351,dcabi,false,12/05/7682
1665,difee,false,19/08/7792
4121,ihdci,true,23/05/7690
4121,abhei,false,19/02/6991
4791,fheff,false,10/10/6575
7839,hafdh,false,29/04/7163
6091,ecbfb,false,23/05/6748
5503,edaac,false,11/10/7621
9097,dcdib,false,28/04/6797
5299,dfchi,false,20/01/7138
8153,eafhc,true,22/09/7733
1730,ebhff,false,07/05/7732
3457,hhabb,true,13/10/7501
6250,cihdc,false,15/03/7861
5949,effif,false,08/12/8134
2800,ahccd,false,28/10/7939
4377,caiai,false,29/12/7474
3776,cdcii,false,21/03/7153
5059,ddcbh,false,17/11/8293
4586,eabid,true,30/06/7656
2808,eaddd,true,23/10/7578
193,ahcac,true,17/07/7318
6395,bhfca,true,22/09/6686
5693,dhehc,false,15/12/7442
9907,ihbfa,false,29/04/7451
3650,bifeb,true,27/03/7383
4798,eibbf,false,30/10/6954
69,hacfb,false,29/03/6886
1334,eachi,false,16/11/7289
7492,eicid,true,03/04/6702
9405,ehefb,true,07/02/7621
2999,cfbhe,false,08/01/7743
6203,deeed,false,26/10/8001
1561,cadie,false,31/09/8207
8859,iceid,true,18/11/8281
1934,dafac,true,10/12/6848
8700,faabi,false,15/09/6821
2516,caide,true,24/12/7330
7508,eeeed,false,02/03/8248
4246,eaaec,true,03/12/7605
836,caidd,true,01/02/7072
181,ecbbh,false,03/06/7014
8442,fabde,false,22/06/7598
9573,dfdfi,true,09/09/7534
8816,diefc,true,16/04/6979
1113,faada,false,07/05/7571
5635,abhcf,false,20/06/7656
6733,adidc,false,13/09/7563
2003,fahbc,true,27/09/6602
2291,bbbbe,true,17/05/7975
1487,heddb,true,26/04/6913
161,cbhcf,false,23/12/7377
2355,dicaa,true,09/08/7766
3526,dbdia,false,13/08/7705
2477,cciea,false,18/12/6606
8185,ddeie,true,03/01/8106
9016,hfeac,false,31/07/7871
7866,aedhh,false,04/08/8118
6966,iebeh,true,26/04/7908
5698,aecab,true,10/04/7208
8471,edhhc,false,03/06/6995
9978,hhedh,false,09/04/7988
3767,effhe,true,15/07/6677
1756,hddic,true,17/10/6545
9665,bdddd,false,13/04/7726
4047,cidfa,false,07/05/8173
1824,eaffh,false,17/01/6831
4871,iacic,true,20/05/7119
6819,bbhbd,true,06/09/7814
900,fhaei,true,08/08/7345
2401,edidh,true,31/02/7083
255,adicb,false,01/06/7605
662,edfed,false,27/10/7103
2636,bhhfi,true,23/08/7555
9741,ehhfe,true,29/11/7311
9495,hbcif,true,06/09/8066
8865,ibfei,true,17/01/6597
9551,fcihb,false,07/01/6740
3331,fffaf,true,19/05/6549
8987,bffeb,true,02/06/7855
8902,iccda,false,16/04/7912
7270,hehfd,true,27/02/7380
6558,haece,false,15/11/6970
1789,ddiie,true,17/01/6648
4208,dhhcd,true,28/08/7517
3239,ccffd,true,11/01/6856
9250,iihcb,false,02/12/6607
6286,hccee,false,26/09/8284
4413,ahiad,true,25/02/7371
7808,icfae,false,16/02/7009
2979,ficbe,false,22/07/7772
3179,hecbf,false,26/05/7751
4942,deiba,false,23/09/8139
5163,eihad,false,29/12/7971
3807,heefh,true,06/02/7312
608,babfd,false,25/08/7915
7817,cficf,false,28/06/7437
5729,eicei,false,16/08/6624
7653,ccecf,false,16/02/7384
9623,eafec,true,08/11/7750
4306,ebbfa,true,17/11/7228
8234,ehddi,true,22/01/6589
4923,idabe,true,19/12/7700
4615,hiadd,false,30/04/7577
9968,bceai,true,19/05/7261
5622,idife,false,18/05/7004
5296,ecdfe,true,27/04/6859
2777,ehcbc,false,08/12/7227
1397,ibebi,false,18/11/8356
4901,baihd,true,15/04/7935
477,efhii,false,16/11/8353
8657,ibabf,false,21/02/8393
8947,bdeia,true,04/02/7795
7289,hidde,false,24/05/7157
4697,chdde,false,19/05/8061
6953,aecfh,true,06/08/7848
8621,decia,false,02/04/8228
4117,hdfda,true,29/11/8346
1119,iahea,false,12/04/8056
2928,aefde,true,21/05/6617
3277,befbi,true,28/09/6716
1039,hbbbd,true,21/09/8350
2610,fceia,false,05/08/8311
8971,heebb,true,20/12/8327
4481,bfchf,true,27/07/8359
7064,dhadh,true,21/12/7787
5052,ahabd,false,22/04/7854
8075,haabi,false,02/06/8518
261,hfeha,false,28/10/8418
548,fdade,true,16/12/8460
1416,aihbi,false,03/09/8340
6636,ifdhi,false,06/10/8282
7521,ceefc,false,24/07/7065
218,efdcf,false,15/09/8242
3715,ceifi,true,09/04/7058
1514,dhaic,false,12/06/8433
479,fadac,true,05/08/6916
913,fdcbb,false,05/02/6761
4157,bfibc,true,15/05/8522
1011,cbhia,false,18/02/8201
2043,iaedc,true,29/05/6676
4484,ihdfc,true,11/12/7119
5915,ihead,false,09/01/8546
9116,ddihh,false,29/03/6750
5086,fdfdi,false,28/04/8521
2407,ichif,false,12/06/8115
7862,ifhbc,true,07/08/6930
5407,afdhh,false,17/11/7285
3861,bedhe,false,27/06/7275
9678,hfhfi,true,20/05/7974
6427,dacdf,true,04/08/7311
9025,dbidi,true,04/10/6790
7910,baaei,false,12/09/7912
80,fifde,false,14/08/7241
493,aecfb,true,20/12/7087
5649,haaih,true,17/02/7059
2910,hbafe,false,25/06/7045
6802,addee,false,07/12/7877
9957,ibicf,true,02/07/8085
6534,ebabb,false,31/06/7079
7277,acaba,false,03/01/7205
9509,eabie,true,13/04/6965
1525,ecefi,true,27/06/7900
4225,icfbf,false,25/02/7352
891,beeed,true,12/12/7216
7178,echce,false,22/05/7564
2300,cecef,false,01/03/7126
2108,hbbec,false,31/03/6712
5337,adhea,true,03/04/8227
2623,ehiha,true,20/05/8472
8378,fcbfc,true,15/09/8316
6114,cdheh,false,28/10/7823
2342,ieddh,true,06/10/6996
6544,cbfhd,true,06/10/8339
8369,iabfe,false,08/07/7397
3352,dihhf,true,11/01/8032
2671,ibffd,true,07/06/7635
8757,aabaf,true,01/12/8020
8236,cbicb,true,24/12/7555
6665,iaifb,false,04/01/7875
3610,fhbbe,true,14/07/7835
953,dbdha,false,02/08/8464
8712,fhiff,false,28/01/7010
1927,bdbai,true,14/09/8148
9048,fbbcc,true,14/03/7994
9595,hhadf,false,09/05/6859
9421,dccah,true,07/04/8193
8401,dihii,false,28/01/8090
6344,bhbie,true,01/08/7724
569,cacdh,true,14/07/7102
6572,bicai,false,03/11/8017
2716,hdchc,true,25/07/8250
3461,aihcf,false,15/09/7758
7276,dcfcc,true,13/01/7466
8946,ediai,true,18/06/7621
2254,eedef,false,07/08/8308
6582,cdhie,true,14/05/8221
2825,daice,true,16/07/8510
7166,hbdff,false,19/05/8297
8009,cecdb,true,25/09/7684
9478,eaaba,false,04/10/7535
2066,caihc,false,19/09/6873
7795,cchhi,false,14/09/7537
240,cceei,true,21/02/8293
6894,bhibe,false,29/09/6827
2253,hdefd,true,24/11/7937
6777,idfbc,false,25/12/8277
6615,bcafi,false,06/10/7546
6265,dbcfa,true,01/01/7150
4014,hffaa,false,25/01/8626
3356,fhcfe,false,21/03/6896
451,beeib,false,20/02/8188
2512,dchfb,false,10/05/8056
6448,hcbha,false,27/04/8432
1324,ehiab,false,05/07/7146
2604,eciib,true,04/05/7742
5437,fehhc,true,18/04/8062
6075,hcifa,true,19/12/8345
6528,cidhh,true,25/12/6821
5158,bfebh,false,17/04/8332
5183,iceie,false,02/04/8207
2001,diefi,false,19/08/7051
8807,abfcb,true,21/03/6815
7565,bahbi,true,18/08/8175
5110,fecba,false,05/05/7211
3059,eafee,false,16/09/7533
9288,cabei,true,27/02/8233
81,dbhfe,true,14/03/7380
1848,aiech,false,27/06/6840
343,hfbii,false,03/03/7992
4480,bebeh,false,22/12/8391
9919,chcii,true,20/04/8294
827,aeiab,true,11/10/8130
802,ccihc,false,06/06/6830
1885,dhbbe,false,29/08/7575
4527,ieabi,false,15/09/7080
3095,caccc,true,23/12/7025
1470,ebihe,false,13/10/8569
1098,aiahc,true,23/08/7804
8710,ieabi,false,21/08/7929
6493,aedch,false,27/09/7893
1518,ifehb,true,09/10/8021
3638,dbeea,true,14/08/7727
1768,iidfb,false,05/12/7476
9255,bfffa,true,18/01/8418
3603,habfa,true,10/08/8711
5703,eeead,true,11/05/8732
9875,hefid,false,08/05/7568
9089,hcbdc,true,20/03/7949
2852,iedai,true,01/05/8526
7969,aihid,false,27/06/7595
9784,cbfce,false,03/06/8593
6644,dfaef,true,23/03/8668
1082,bdibd,true,18/04/7159
9627,bcfch,false,22/04/7711
3458,adada,true,02/06/7243
1708,hbfcd,false,29/10/7836
1174,dbedb,false,05/12/8671
3540,ehdac,true,12/02/7832
3333,ibebd,false,01/08/7749
8823,cheeb,false,18/10/8002
5207,aiaib,false,28/06/6922
5810,fcfde,true,03/11/8165
7797,ccdbe,true,05/03/7908
3174,eache,true,03/04/8597
3159,abfad,false,06/10/7123
3713,bafdd,true,14/04/7948
9957,fdhed,false,28/10/7423
7424,adedf,false,28/04/7704
7839,dbehf,false,01/08/7126
5103,febbd,false,20/10/7236
7906,cebhf,false,18/09/7524
3769,faicf,false,15/05/8028
4038,cffeh,false,02/04/7026
96,ibdia,false,27/04/7176
90,behci,true,30/08/8423
1119,ebadi,false,10/10/6929
1990,caihc,true,25/06/8485
803,cdfch,false,12/05/8011
4502,abacc,true,29/01/7221
4024,ahecd,false,25/05/8387
2355,facid,true,12/12/7181
6203,efbce,false,26/01/8311
9146,hiehf,true,31/08/7081
1590,cbbde,true,10/01/8674
1694,dfccb,false,22/07/7776
2794,ffifd,true,15/10/7013
8543,aabih,false,05/01/8255
9722,hebhe,false,08/10/7710
1664,fcihc,false,26/11/6998
9731,aeeec,true,01/04/7048
6564,defhc,true,20/06/7014
1622,ciadh,false,08/07/7098
6460,ecbhb,false,05/06/7139
6354,ihhic,false,21/02/8095
7805,edfhb,true,16/12/8313
9743,hccfh,true,06/07/8383
5085,fdaeb,true,03/12/7866
83,efddf,false,06/12/7959
5174,deeec,true,09/05/7968
9018,abhce,false,26/08/8455
1042,chedc,false,18/04/8681
6938,deiea,true,08/06/7521
3439,dcefi,false,02/11/7052
6602,defib,true,23/10/8670
9744,eefic,false,18/03/7254
4021,ehchh,true,22/01/8777
3760,dhdai,false,26/12/8033
4612,eciaa,false,21/06/7351
6649,biefd,true,12/04/7713
4885,eaiff,true,23/04/7857
233,hdfia,false,23/12/7141
9467,cehed,false,24/10/8493
5380,difib,true,03/08/7163
2153,bdhdi,false,25/12/8700
1328,daeee,true,03/01/7834
2890,abehi,false,16/10/8504
2915,hcdhc,false,23/06/8203
9772,babib,true,16/01/7797
6521,fbddi,false,05/09/7515
3166,aeacf,true,17/07/7639
6461,ibecb,true,31/01/8268
6281,ahedi,false,26/03/8920
6296,hhicd,true,23/05/7131
1856,cadeb,true,28/01/8802
5704,daeai,true,28/10/7455
2953,iihha,false,26/07/7723
1123,efefc,true,26/08/7846
2940,ciahe,true,18/02/8192
2022,adfbe,true,06/02/7366
4596,cdbdc,false,26/03/7926
7671,dbbbd,false,31/06/7361
7419,fibci,false,25/03/8541
6827,ibfeh,false,19/05/8113
9885,dcbfe,true,11/07/8560
6679,ihdca,true,29/01/8459
3614,ecdad,false,08/12/7579
2647,ffbdi,true,22/10/8683
5596,iiedh,true,17/11/8725
7993,bahcf,false,03/09/8409
3944,bdbaf,true,19/11/7554
6356,bfdii,false,12/09/8372
5082,cbibf,true,22/04/8164
1702,ihcad,true,20/07/7563
6307,ecbeb,true,13/09/8751
724,afeei,true,25/11/8262
8268,daeec,true,02/12/7196
6193,ehdda,false,04/05/7485
5586,affab,true,09/06/7319
6043,efeih,true,28/12/8386
5214,iceif,false,18/07/8843
1639,ifihc,true,10/01/8550
8524,eefbe,true,10/03/8635
9260,ebfhc,true,21/09/8626
1407,ifhih,true,09/11/7614
1452,aiadd,true,25/02/8968
6205,fdeih,false,11/01/8531
6244,iiddh,false,20/04/8831
2953,afeai,false,07/01/8004
9081,iebhi,false,28/03/8534
4259,ahead,true,31/04/7654
4835,hhdei,true,10/01/8440
9499,edeae,true,06/02/8538
8024,dbhdb,true,21/03/7445
1532,eeehe,false,20/07/7891
6553,debci,true,23/10/7604
9657,aafdi,true,25/01/7152
7349,difbe,false,18/06/8301
4921,aabdh,true,03/09/8036
9350,bibed,false,24/10/7283
2559,fidie,false,21/04/8960
1765,cbhch,true,05/11/7184
4700,idifc,true,04/12/7950
8702,hcaii,true,13/11/7845
7570,iicbd,true,08/03/7896
6722,ebbic,true,03/03/7879
5519,iacfh,true,16/12/8360
5931,bchce,true,11/05/8218
6207,bfiad,true,20/02/7486
3128,efebc,false,13/02/8986
1223,fieae,false,06/07/7928
5563,hdheh,true,02/09/7987
2957,bbhfe,false,07/07/7760
3095,ciefe,false,13/08/7971
9944,ieibd,false,28/01/7945
4350,fceae,false,02/07/7640
5263,eehad,false,16/12/8165
4636,hbhfb,true,15/09/7426
2448,bhdcc,false,25/04/7674
6083,iecea,true,02/01/7712
6946,ifaia,true,02/09/7510
1993,eehch,true,31/07/7923
5828,ebiec,false,29/05/8475
2517,hefbh,true,21/09/7718
4365,iadbc,false,23/11/7504
5552,dbhii,true,12/03/8899
8884,heddb,true,14/03/8739
7782,ifded,true,28/01/8248
8907,cfide,true,29/04/9056
8791,eabbi,true,16/05/8274
3388,aheee,true,05/07/8839
9023,bhaih,false,04/04/8844
8909,dhaie,true,16/06/8352
434,cfedf,true,03/01/8503
3432,afbed,false,14/06/8721
3270,iccda,true,09/12/8414
8870,dafbc,false,15/11/9060
6994,deefb,false,17/03/7942
8869,didfi,false,02/04/7901
5406,fiiei,true,29/05/7711
854,bffhc,true,08/01/8797
5409,hecce,false,10/01/8428
878,bdadd,true,30/04/7278
4533,iaccf,false,31/04/7261
212,dhehf,false,07/03/8174
6020,efaci,false,04/11/7305
4531,hadef,true,04/12/7680
5843,aaehd,false,02/02/8236
1634,fhibd,false,08/09/8364
1565,efbff,false,31/08/7540
9492,efcbb,false,13/04/8311
925,dhhfa,false,10/04/7850
628,cchfd,true,09/06/7768
801,dfhec,true,21/09/8797
6867,eaiad,true,17/03/7839
7779,bhiha,false,04/06/7616
8562,beiae,true,14/10/8573
6676,hidif,false,13/01/8377
3505,adife,false,30/05/7768
6836,eecbf,false,02/12/8975
315,afbbd,true,24/06/9012
4021,bdcec,false,18/10/8639
4580,aehfd,false,17/08/9042
2257,eiidh,true,20/04/8425
3686,eihec,false,25/03/7644
5598,hcaeb,false,08/02/7992
3546,ihddd,false,13/05/9074
547,hbdda,true,21/05/7254
4434,ibdic,true,02/10/8373
2071,bifci,false,11/11/7429
1855,cichc,false,15/12/8143
6872,iiafc,true,01/12/8541
8727,fcdhh,true,29/02/8082
5885,hhiaf,false,28/08/8997
9218,dfafe,false,26/06/8791
3757,bffed,false,01/10/7428
9611,deaha,true,25/01/8418
8790,bebaa,false,31/03/8383
5426,fhcac,true,06/08/8863
8805,edffd,false,21/04/8625
9868,aaece,false,03/06/8417
5091,eehab,false,19/03/8343
969,faahi,false,30/10/8782
867,fahbc,true,26/10/8565
4104,hcadb,false,30/08/8667
6160,cfahc,true,14/10/7591
8508,cdfdc,true,04/10/7482
5616,ebfef,true,16/03/8951
7340,iachf,true,20/11/8303
2403,aiefi,true,22/05/9186
8495,ihbai,false,19/02/8864
8230,ddbdh,true,01/01/8523
5345,hcaif,false,03/10/8401
2447,biiie,false,12/04/8719
764,hcece,false,13/10/7510
8610,ihahf,false,08/11/8442
1704,adfcb,false,14/03/7891
4531,hfaei,true,10/04/8098
2010,aiece,false,16/02/8721
1451,aedeh,false,03/12/8945
1345,fdehd,true,16/04/7619
3888,chiee,false,27/01/8454
988,fcdbb,true,24/04/8059
7520,efhaa,true,22/03/7950
1855,cbhac,false,28/10/7789
9798,ecacb,true,29/09/7941
947,cbefc,true,01/07/8474
2405,dbfie,true,12/05/8615
1968,hccbf,false,25/11/8243
4543,aebah,false,02/02/8272
5203,ibibd,false,21/07/8462
6820,cebee,true,04/02/8176
1306,eccic,false,13/11/7331
1786,ddhca,true,24/12/9226
7933,ibffd,false,08/01/7706
6228,iiahf,true,19/05/8652
5800,ddidh,false,25/05/7838
623,cchdc,false,28/10/8892
9801,edddi,true,22/11/7681
5814,adaef,false,03/12/9046
1033,dafhc,true,24/01/7440
5066,ahbid,true,14/05/9042
1594,bhifh,false,20/02/9106
1230,hedei,true,22/01/9091
8101,caebf,true,06/04/7865
2005,chdci,false,29/05/8462
1299,ebcee,true,15/05/8080
4819,ihhhf,true,28/05/8538
2781,cidha,false,09/05/8302
1267,iccdi,false,03/07/8359
2250,ifehb,false,30/01/9098
4676,fbfah,true,01/09/7739
7917,cheac,true,10/04/7509
3909,ihhfa,true,20/06/8277
697,ecibd,false,30/08/8926
3888,dchba,true,17/02/9148
2837,fceah,false,28/12/7539
9789,ibdeh,false,16/11/8636
8692,icdca,true,15/11/7905
2675,icfdc,false,17/04/8433
2880,dhhci,true,14/09/7595
128,iahdc,false,26/04/9151
2605,cabfa,false,15/12/8040
7337,ebdbd,false,01/06/8907
5123,fcccd,false,12/11/8651
2845,cahaa,false,18/03/7408
8021,ciaea,true,17/06/7563
6850,fafbb,true,10/01/7901
724,abdhe,false,29/08/7939
4944,ddahe,false,29/09/8247
163,bdfdi,true,16/05/9127
1477,hfaae,true,30/10/8219
5707,hiaff,false,27/12/8540
5588,daedi,true,20/10/7602
4367,dcibh,true,14/02/7798
3365,ahadb,true,26/09/9005
322,dccii,false,18/08/8160
8656,aaiib,true,05/05/7770
7186,fceei,false,04/12/8802
9588,hieeb,false,27/06/9277
4239,ahaci,false,25/07/7809
6329,bidbh,false,29/10/7972
1381,dieca,false,31/12/7683
9275,edaff,true,24/08/9189
2363,icaie,true,13/12/9192
6977,bbiee,false,16/09/9115
6656,efcbf,false,28/01/8036
8503,iedfb,true,29/06/8240
2068,ifdhd,false,22/09/8097
353,chcad,true,21/03/8372
865,icifb,false,27/11/8776
2025,acihb,true,10/04/8169
9504,bdbhe,true,19/03/8920
6108,fbaai,false,20/12/7714
2093,iefab,true,05/12/8121
7774,adhcb,false,20/07/7885
8043,fecab,false,11/02/8003
7079,bhiec,true,20/05/9192
9488,dcich,false,02/04/8698
7738,ddahd,true,02/11/8676
6592,hbbcc,false,23/05/7891
8372,deidc,true,10/02/8784
6283,iaihd,true,19/06/8202
8367,ddeff,false,28/04/9227
6106,ceedb,false,12/04/8091
8362,bfhaf,false,28/11/7731
89,iichf,false,17/04/8719
2943,cbccf,true,07/05/8198
1888,ffehe,false,26/06/8545
636,hifda,false,22/09/8433
4697,ibiah,true,03/02/8273
4511,icfia,false,07/03/7572
6287,hccea,true,19/06/9285
3361,cahcf,true,03/03/7882
1413,fiebi,false,13/04/9172
4869,ibifb,false,15/08/9164
488,dcaae,true,22/04/8921
6331,heeef,true,29/11/7669
6422,dbcfc,false,21/07/7957
9077,ieied,false,05/08/9000
7724,aieca,true,08/10/8730
1970,idaed,false,04/01/7512
6564,ceehh,true,28/03/8320
5580,cdfec,true,13/05/7864
53,chccb,false,05/12/8458
8222,cebbc,true,02/12/9258
9401,fefdf,false,22/02/9300
4582,adiaa,true,31/06/9233
2652,bffda,false,04/09/8326
7809,hibeh,true,07/01/8078
8634,ceaic,false,03/09/9427
5801,fhiih,true,24/07/7608
9949,abfff,true,15/09/8839
1287,fibaf,true,22/07/7800
2338,hfdce,false,09/03/9174
2345,bdccc,true,15/05/9403
9692,ihhic,false,04/10/7761
2159,daahi,true,15/03/8955
294,fdehi,true,30/01/7945
2323,hbdbh,false,20/10/8043
4534,dffbi,true,24/09/8341
6940,feebh,false,15/03/8505
1940,ebdcf,true,07/03/9132
6682,dbece,false,07/11/8898
8102,ebcbf,false,21/10/7568
3709,bfdef,false,21/04/8019
4602,ecacc,true,30/04/8157
7361,cbdbh,true,05/07/8872
3964,hbcfc,false,27/04/8748
4358,difih,false,03/05/8308
9160,bhchf,false,12/06/8240
4298,hfhah,false,06/11/9451
3304,iidaf,false,16/11/8246
5791,eabbi,false,13/05/8144
4845,fcfid,true,28/06/7628
1715,dbaca,true,14/12/8401
9604,hhebd,false,20/05/7580
8031,afcei,true,11/03/9362
141,afhid,false,17/08/9426
992,dfece,false,13/11/7651
7337,iedfh,false,01/09/7697
4322,chiab,true,14/07/8295
7627,hccba,false,20/05/9455
5405,aebif,true,25/07/8867
1362,ddedi,false,16/07/7788
6438,hfdcd,false,17/04/9467
4548,abdhb,true,20/09/8554
7916,chedc,true,16/06/8690
1567,dacfb,false,24/01/7981
54,fcibi,false,03/02/8399
5626,dfedb,false,04/06/9221
8901,ebabf,false,16/04/8502
6298,hahbf,false,16/04/8727
5724,dedbc,false,06/06/8170
284,faibe,false,28/07/7842
350,eebad,false,20/02/8336
1757,dddce,true,31/08/8016
4466,efiae,false,28/05/9112
6271,chfhf,true,02/12/8261
5253,haeac,true,11/08/8461
4566,aefid,true,24/01/8020
4262,hahdc,false,05/09/8657
6651,dcdhi,false,09/01/7680
1060,fhfdf,true,17/05/9354
5534,abbhi,false,02/08/9225
5760,ehhaf,true,22/05/8891
4737,baeab,true,19/03/7974
2071,bihdb,true,04/05/9483
5311,dehia,true,28/11/8746
7108,afaad,true,29/04/8541
1969,hcfca,false,05/05/8360
4486,dbhib,true,04/12/9030
1477,iccid,false,06/10/8804
2776,haafh,false,25/08/9096
7741,aaddc,false,19/10/8257
2941,dfahh,false,21/09/8101
3336,caffi,true,20/07/8782
9660,caifi,false,22/12/7874
8835,deabi,false,23/10/9368
8040,hfhfa,false,31/10/7836
7529,bedii,true,15/04/8078
4379,ebefi,true,18/11/8006
6107,ebbah,true,23/07/8094
1546,beefa,true,13/11/7703
9019,biadb,false,07/03/9494
8257,cahca,true,13/03/8862
2514,dafah,true,26/05/9302
3811,fchfd,true,09/02/8887
8531,hefah,true,17/10/8026
9263,hcbhd,false,06/04/8337
5174,dicid,false,14/06/8636
4458,hiidf,false,24/07/8086
7184,dbddi,true,23/11/8843
6160,afcdb,false,07/12/8407
9038,efafa,true,25/03/8664
3965,hdcbd,true,02/10/8660
4264,cecdb,false,12/01/8413
4984,hhbff,true,20/01/9242
6863,ihhif,true,07/05/8640
3466,daheh,true,05/09/8348
7108,ifhff,false,25/06/8094
8728,cicfi,false,12/08/8513
1027,hfahd,false,20/11/8822
5902,iifda,true,12/07/8241
9174,iiifc,true,11/07/9403
9825,cdbbi,true,08/06/8434
6880,edbah,true,13/05/8410
1417,ehcii,true,21/03/8528
8007,adahi,true,15/09/9063
3524,ieaea,false,12/06/8860
8454,bhhaf,false,22/02/8593
5976,dffac,true,28/03/9302
5389,dheeh,false,31/10/8574
596,abbaf,false,19/05/9364
8152,fcbde,false,10/02/9028
1122,fddeh,true,23/09/8643
1417,dehaf,false,07/09/9404
7563,dafhd,true,16/01/8279
3013,bfbca,true,09/08/8502
1484,fhddb,false,13/04/8902
7535,iehie,true,24/01/8319
9561,ahfdi,false,20/05/9099
1389,dfaec,false,06/06/9603
6082,dfhha,true,28/01/9375
284,dafhh,false,26/10/9403
3503,hiacc,true,16/09/9138
1847,aihdf,true,22/04/9487
4354,idihh,true,12/12/7783
7473,caccb,false,05/06/9519
7621,cfdee,true,15/02/8517
6872,hfhhc,false,15/01/8905
5351,dhdih,true,22/05/8590
2099,effic,false,30/05/7890
2715,baabe,true,06/02/8833
9848,dadci,false,16/06/8320
8781,eeafb,false,12/11/9258
6758,ecddd,true,09/07/9380
8359,fafce,false,10/12/9679
1573,ebhah,true,19/05/8993
6542,adcfe,true,09/10/8179
85,hfhbf,true,06/12/9280
2473,eefeb,true,08/08/8495
3133,adbcf,true,18/04/8908
2009,bihfe,true,11/03/9194
3176,fddif,true,13/04/8038
5341,ecacd,false,20/05/8479
331,efici,false,05/06/8394
6125,eidbi,false,07/09/8299
3879,iifdi,false,09/09/8194
3382,cdiid,true,29/10/8449
3783,fiiai,true,16/08/9188
1820,hibha,false,27/11/7871
75,iiicf,false,18/03/9177
6356,dbdhc,false,17/04/7880
9727,haidf,true,10/06/7842
6581,fbcif,true,13/01/8653
4428,biafd,true,08/02/8605
5648,ifcdc,true,25/03/9038
9943,bcahd,true,14/08/7836
1130,ffbai,true,13/11/8106
9497,aifhi,false,13/03/9335
4171,bfddh,false,05/03/9237
5229,iehfi,false,20/04/8380
2067,abecf,false,20/11/8219
8239,ihhda,false,03/10/8701
4549,chahc,true,15/06/8653
3935,cdadi,true,03/10/7954
649,deicb,false,12/08/9027
8596,eceaa,true,31/12/9607
5016,dfcaa,false,24/01/8518
6548,bichd,false,15/05/9133
9566,hcaab,true,14/02/9470
4802,bcceh,true,27/06/8518
9963,iceid,false,26/06/9699
4355,chacf,true,09/03/8744
3098,ciead,true,08/09/8658
1681,iefcb,false,29/02/8991
135,bccbb,false,17/10/9123
32,bffdd,false,09/06/9603
9530,faadh,false,02/04/9223
7661,ibbbh,false,19/05/8245
1350,eaeei,true,14/11/9471
4031,afbac,false,20/02/8283
7230,ibfba,true,21/09/9713
3355,ddhfb,false,07/12/8648
6181,dhiai,true,28/11/8441
9815,hhdaa,false,13/07/8593
1029,dhcei,true,31/12/9476
3765,bbecc,false,10/04/9567
6111,dhfch,true,23/04/8815
9513,ifhib,false,14/01/9378
1859,acfcd,true,03/02/8025
3465,cbcbf,true,18/06/8095
8834,faddd,true,20/07/8851
4266,bfdhc,false,13/04/8363
8931,acddd,true,10/06/7981
2953,bibha,true,14/10/8554
504,icchh,false,31/07/8061
4772,chfef,true,30/01/8184
4888,babce,false,09/03/8766
2388,fibec,false,25/06/8107
7795,bbbfa,false,20/08/8130
8607,iciff,true,13/12/9250
3812,eidac,false,17/10/8149
8737,hfiif,false,03/11/8087
5507,afeic,false,18/03/7985
1172,ieacc,false,09/12/9821
6933,dhffi,true,10/10/9841
7808,idfdd,false,12/10/9356
9991,afefc,false,31/07/9283
6206,dibbi,false,22/08/9568
5857,haeib,true,06/10/8552
2705,baeab,false,24/03/8530
2118,fddif,false,24/11/8222
1592,eeahe,false,22/09/8684
2784,fffeh,true,12/10/8079
8792,fhcda,true,24/10/8104
7199,hadab,false,27/11/8130
114,ahefc,true,23/11/9158
2328,hebbb,true,24/01/9253
3520,hihba,false,25/12/9761
9044,iaeea,false,08/07/8462
7620,ibbbh,false,26/05/8652
618,aafbc,false,20/08/9389
2248,hihcc,false,06/01/9533
220,debei,true,21/07/8581
4612,fdeib,false,12/12/8885
7715,iffda,false,30/09/8901
1661,dbbfe,true,20/02/8396
9211,eheah,true,20/12/8577
9994,deadf,false,17/02/9208
6954,decch,false,23/11/9171
2391,deebb,true,21/03/9132
1830,dhfib,true,26/01/8146
649,ecehf,false,31/11/8175
2595,bhhdi,true,19/09/9270
9420,cefhi,true,17/01/9421
1405,eebea,true,13/03/9277
7431,fbaic,false,13/05/9846
3478,bicii,false,27/08/8174
7719,cichh,false,12/11/8954
8476,dbchf,false,17/12/9193
5894,icaeh,true,27/04/9023
9889,cbbid,true,02/07/9651
3984,fhdda,true,20/09/8617
8881,fhfaf,false,19/06/8349
332,abeid,false,26/10/9168
1681,ihcib,true,13/04/8701
4226,hdceb,false,20/10/9081
5614,ceeie,true,05/01/8393
6516,cehbe,false,26/06/8386
1152,ffbee,true,03/05/8967
8292,dabhh,false,07/12/8543
4943,eaddf,true,29/08/9146
2669,ecefd,true,19/03/9215
8026,ihbeb,true,26/04/8463
534,behba,true,05/05/9297
3742,hiaah,true,04/07/8324
4776,idcca,false,10/08/8692
2618,eihee,false,18/02/9819
9618,hiced,true,14/08/9948
1812,aehdf,false,25/06/8106
2943,bihce,true,27/11/8901
5961,caiid,true,08/01/8540
1044,eacde,true,27/07/9922
3307,adbfa,true,01/03/9007
5463,ecfch,false,03/07/9002
762,dbiff,false,20/09/8629
7805,hieba,false,17/01/8568
8367,cfedh,false,08/09/8718
135,hedhe,false,06/02/8383
185,cbiah,true,15/07/9079
1322,icdie,false,06/01/9575
437,ceaia,true,30/02/9742
8438,icdbh,false,31/09/8520
7838,dbbfc,true,15/05/9665
6585,bfifb,false,01/04/8512
1568,acbad,true,28/03/8087
5266,hbafa,false,22/03/9317
293,aiche,true,28/10/8458
1088,hacah,false,24/11/8269
3834,ibcbf,true,12/03/9385
3529,acihb,true,14/07/9851
8534,cabdb,false,10/09/8429
5826,ebbbc,false,01/10/9382
2485,dhbdf,true,29/11/9051
4626,fahcc,true,27/01/8304
8,ibhdb,false,21/07/8356
8669,bfcac,true,06/10/9118
471,dfhfc,true,16/11/9614
3999,idahd,true,25/04/8205
8263,chcdf,true,12/03/9846
8253,edfed,false,16/11/8939
6359,acfff,true,08/11/8341
4842,ahcci,true,17/10/9661
3741,fhhdd,false,27/03/9101
6612,baccb,true,13/01/8623
3957,bcffc,true,18/11/8754
7175,ciiab,true,04/09/8516
8896,biaff,true,14/10/8813
5353,ebdai,false,27/02/9681
1371,ihifi,true,02/05/9321
4452,ddfhc,false,24/09/9969
8671,heied,true,09/02/9589
1212,ihcbd,false,24/06/9277
7292,badcd,false,05/10/9390
679,bcaeh,false,18/02/8921
3419,fbbhb,false,05/08/8826
1168,bcaca,false,06/01/9977
5996,eefcd,false,10/10/10038
236,aeaff,false,25/06/8164
3066,fecai,true,23/06/9363
217,ehdeb,true,14/12/9946
5779,bebde,false,22/12/9063
2818,dfcia,false,12/12/9140
5123,hcfca,false,30/02/8792
5672,edahe,true,03/12/9193
4943,hbhba,true,03/12/9275
4840,ebfae,true,22/09/8798
8543,hbhhh,false,28/06/9198
4141,iiebh,true,27/06/9705
3537,aadfh,false,03/05/9385
5954,ecdce,false,14/11/8781
418,ehdih,true,12/06/9999
1186,deidd,true,17/12/8556
5168,hiceh,true,17/05/8562
7946,bacii,false,10/06/9144
6211,faafi,false,10/12/9381
1563,cceeh,false,27/10/8600
9437,ebbic,true,02/11/8240
4782,bfbda,false,17/10/8446
810,fcbcd,true,16/04/8447
4500,iacea,true,03/05/8913
2095,acfda,false,19/07/8289
8802,adfdd,false,15/10/8383
9761,fcibh,true,30/08/10064
4660,hiebh,false,28/02/8779
6321,ibabb,false,17/03/8746
1497,bfdbc,false,05/10/9002
1515,dhbbc,true,08/07/8512
7348,dhcib,false,13/09/8556
6465,bfdhc,false,25/04/9710
3594,iecfd,true,08/06/9295
9326,hdhda,false,31/07/8814
5430,bchhh,true,07/01/8551
5837,bibdh,false,28/08/8347
4752,eiecb,true,04/11/9474
6008,faabb,true,30/05/9373
1698,cfeee,true,02/05/9925
3307,iabbd,true,05/09/9265
514,dhice,true,01/10/9245
7638,cdehf,false,06/02/8383
2594,eahfh,false,21/12/8422
742,idcaa,true,26/09/9252
7613,abiii,false,09/04/10094
6230,hfaai,false,01/12/9486
5995,aaieh,false,25/10/8610
4640,fiecc,false,12/08/10027
2438,aabec,true,14/02/10098
2401,icecc,true,28/11/9175
141,heaac,false,26/01/9965
1469,eaibb,false,16/04/9276
3773,iidcf,true,12/02/9775
5913,fadci,false,17/08/9208
5163,accfc,false,03/05/8631
502,bcffc,true,29/09/8367
8972,afdcf,true,28/09/9948
6178,ehaci,true,12/04/9732
3559,bdcha,false,02/01/9074
6577,ihbdd,true,03/11/9676
7768,bfacf,false,14/01/9252
3537,dcdcf,true,28/04/8592
3776,hhhbb,true,07/12/9305
7219,bhcec,true,20/06/8718
3005,hacai,false,04/02/9818
8615,hibaa,false,23/09/9236
3674,bfbed,true,26/04/9557
5115,ecaaf,false,04/10/9946
585,fbhic,false,19/06/8773
8694,iiccd,true,28/04/8733
6598,fcaia,false,01/10/9810
7948,idbca,true,26/10/10120
2995,fiahi,true,09/03/8986
9920,cceha,false,26/12/8510
7761,baece,true,04/09/9659
2011,ddhib,true,02/03/8529
7607,bhhhh,false,15/11/9276
7099,ibheb,true,16/10/8687
2856,bhdcd,true,29/08/9322
3077,eaeea,false,07/10/9113
3887,hfhca,false,13/05/9350
2533,bafia,false,21/07/9679
7865,bdiic,true,18/08/9012
1149,daahe,true,30/07/9130
9250,idhac,false,03/03/8452
4856,beiic,true,08/07/9834
5556,cbdfi,true,28/06/9509
2326,ecdab,false,11/03/8421
7341,hbadd,true,20/02/8425
1691,befce,true,16/10/8590
8167,icfih,false,15/04/9414
6392,cffic,true,28/03/9946
7413,cdeii,false,29/04/9050
9297,bbeci,true,28/12/8363
962,cdbhh,true,19/02/9872
4928,dfbhe,false,10/03/10198
4454,ddbhf,true,31/05/9618
4370,dfihe,false,06/10/10177
4333,fiaba,true,12/06/8371
6112,ahhhe,false,07/02/10112
3352,bheca,false,02/03/10189
3621,ceaic,false,21/06/8331
2235,eiafh,false,05/10/9984
5509,eiiei,true,25/01/8812
8600,deiib,false,17/08/8932
5784,ccedd,false,31/08/8907
8640,hfeii,true,29/03/9822
2294,cdfbi,true,05/12/9925
2686,biddi,false,15/01/9259
9127,ceada,false,24/02/10146
480,ecdbd,false,18/04/8411
418,bicca,false,12/08/8811
5984,bbade,false,02/06/9754
9689,efhda,true,22/01/8465
5011,aiacc,true,03/06/10094
3913,ihbec,true,18/09/8993
8637,aeicf,true,24/12/8984
9790,ciied,false,18/07/8648
8575,accad,false,09/10/9871
8782,efdei,true,26/12/8788
2992,chdaf,true,24/01/9908
5689,ffeha,true,27/09/10198
1015,hhbda,false,14/09/10085
2972,fbcii,true,31/01/9369
8714,bhhdf,false,12/09/9449
9617,icife,false,31/12/9670
3542,dhfhc,false,12/03/9219
920,eiidh,true,19/08/9311
8322,hefih,false,19/10/9893
1803,cbeec,false,10/12/10223
2731,chcha,true,22/07/8497
582,ecbed,true,25/01/8787
5492,feedd,false,08/02/10274
6119,iebcc,true,24/05/10203
8077,eceei,true,19/02/9003
8411,ehche,true,02/05/9583
4284,icbia,true,22/02/9375
4189,fbaef,false,01/05/9711
775,dddeh,true,25/06/10102
2963,hihhh,true,20/03/8995
3931,adfha,true,02/03/9559
3402,chihc,true,03/03/9075
2966,fbiah,true,14/02/8505
1132,dbifb,false,05/09/9130
1519,efbia,false,06/10/9774
1017,addcf,true,22/06/8729
7003,cfahd,false,08/06/9795
8276,ddicd,true,02/09/10164
1854,eecfi,true,04/07/8929
6417,ciccd,true,17/04/9756
3080,fcabh,false,02/03/10029
3727,dhifa,false,25/12/10289
2529,ihhea,true,04/09/8632
7545,hcdic,false,25/08/9556
4433,abhfb,true,23/04/9928
7466,ddebe,true,07/02/9930
879,fhbif,true,27/12/8505
3658,bddfe,false,26/10/8500
9966,bhhef,true,29/04/9044
6111,haaif,true,27/11/10108
2235,ehece,false,08/10/9366
7925,faeii,true,05/11/9108
3122,bfecb,true,14/10/9586
3952,hfcdd,false,31/12/9489
7731,dhadd,true,23/05/10080
7528,dabdd,true,13/01/8876
2570,cebfh,false,20/08/9198
6689,bhcfc,false,27/03/8884
7243,ifhfe,true,15/03/8725
3592,fifid,false,29/06/10316
372,ebbac,false,19/04/9187
8373,ibhec,false,21/12/9457
3207,cadib,true,03/04/8890
9159,fahac,true,02/10/8558
9693,fbhbf,true,03/06/9956
2226,ibibc,false,30/02/8769
9930,aebib,true,15/01/9643
5704,dhahd,true,26/12/9357
4764,dihea,true,30/11/8694
3055,ahhei,false,08/08/9107
3505,bcddd,true,11/02/9464
1029,iacbh,false,14/12/9835
1884,bhfie,false,05/05/9482
3417,dheee,false,05/12/10104
9327,eihda,false,21/07/8822
2167,cecba,true,18/09/9631
2925,cfcbb,true,16/12/8765
5376,hahcd,true,13/03/9174
6996,hdcif,false,24/08/9632
6294,caedd,true,28/10/8967
6863,fhbdc,false,28/06/9441
4677,cheaf,true,18/07/8835
2614,ifeic,true,10/12/8846
3807,bcieb,true,23/09/8908
8639,ibebe,true,20/12/10285
9451,fcdae,true,04/04/8856
2777,ffaaf,true,25/02/9835
5943,dceba,true,15/11/8832
9693,baifi,false,21/11/9208
9687,ihddb,true,02/09/9340
1800,bdcci,true,31/11/9698
1570,ibhec,true,25/09/9863
2342,efbec,true,20/02/9395
4732,aebec,true,24/10/8838
203,fhcai,true,24/10/8976
6786,hbddi,true,10/10/10320
1955,baeed,false,29/05/8572
7426,deeff,true,13/12/8660
3652,ihbhh,false,25/02/9679
4582,eidhi,false,12/01/9058
8597,dhadd,true,11/12/10027
4313,icdhb,false,09/05/9782
3893,dehei,true,30/01/9014
5056,dbdab,false,05/04/9328
3836,aafbf,false,29/01/10341
9700,hcbai,true,03/08/9621
8322,bddih,false,24/03/9023
1705,iehfa,false,21/08/9241
9432,aiddi,false,29/10/8893
6441,fffid,true,18/09/8612
1575,dhfdc,false,27/02/10