8468,hhdae,false,04/05/2989
6341,baaff,true,05/09/2919
8810,eicbe,true,05/06/3113
630,hhbbb,true,19/12/2714
8893,aeedf,false,30/01/2116
5222,ceehc,false,24/08/2636
5606,cbbfd,false,31/05/3345
5268,heaee,false,03/05/1944
2822,edhid,true,19/08/2362
6995,fcabc,true,30/06/2706
7941,adhab,true,29/07/3137
5438,fbhbc,true,11/12/2633
2194,cdcai,true,16/02/3133
7128,daccf,true,26/06/2618
3667,dhbcf,false,15/07/3114
5291,ecfdh,true,18/06/3091
2429,edfeh,true,06/11/2345
9621,fihdc,true,24/03/2835
9051,hhiaf,false,30/03/3226
4449,beccb,false,09/05/2387
3456,ecebi,false,29/03/3342
1104,fceec,false,02/07/2508
8307,chbce,true,30/12/3008
8073,acbfe,false,24/03/3333
1494,hbeac,false,31/06/2715
8529,fedii,false,08/09/3879
8634,fibcf,true,29/06/2921
7479,daicc,false,14/07/3422
7364,dfhhd,false,26/11/3381
3235,dahaa,true,17/02/2797
6221,bbfbd,false,21/06/2073
1660,fcfaf,false,11/11/2650
3534,hcebd,false,22/12/2245
5188,ibcff,false,22/09/2871
8467,bhebf,true,13/10/2358
8217,fdefh,true,27/06/3735
739,eaaii,false,11/09/3470
5903,dbefe,true,14/10/3265
7496,ehbfc,true,01/06/3021
2899,edbcb,true,13/08/3064
2151,facdd,false,10/12/2618
9454,aeahd,true,12/12/2585
4070,cffhb,false,26/05/2741
3882,hdfaa,true,10/11/3537
6792,abadb,true,22/09/2913
3578,bhhei,true,22/07/2457
9244,bhiih,true,01/03/2023
5727,fdebc,true,29/01/2846
6308,beibi,true,21/12/3366
1279,ebifa,true,05/02/3798
5652,bcihi,true,27/06/2045
5979,ceeef,false,21/06/2678
9483,habcf,true,07/12/3344
7064,hceba,true,16/11/3953
7836,dffdb,false,20/05/3035
3366,efcdc,true,30/03/3664
861,dahib,false,04/05/2743
4516,edfdi,false,08/06/2065
9071,fbfdf,true,01/07/3939
7855,cdfbb,false,02/10/3923
5915,dedic,true,08/06/2870
5326,ibdhc,false,03/12/3093
3191,chbaa,false,18/10/3068
9759,affff,true,27/08/3925
9496,edchd,false,03/12/2899
2493,heheb,false,11/04/2835
4008,eefeh,false,26/02/3909
2245,fbdef,true,24/03/2398
4821,fhidf,false,18/11/3774
4101,cdhai,true,24/07/2217
3187,ehedb,true,12/02/3401
3066,ceacf,false,04/04/3208
327,hiefb,false,04/04/3417
4074,ihifh,false,31/01/2096
2693,bhcfb,false,05/11/2143
1999,hcihe,false,30/04/2809
3858,febdf,false,25/06/2960
1004,dcahi,true,08/12/2187
9286,didid,true,20/09/3946
2196,ebeaf,false,24/03/3299
4472,ecfbf,true,13/12/3695
8894,beiee,false,15/07/3203
5423,bdhda,true,04/03/3549
1703,eecdi,true,18/03/2243
5725,hchbh,false,26/01/3710
6867,fcdeb,false,01/11/2614
6065,idbde,true,20/06/3721
4006,dicfb,true,05/06/2634
7120,fhidd,true,05/02/3941
7466,ahifi,false,17/12/3148
1813,ffcfc,false,29/04/3370
9647,ceicc,true,26/12/2684
4477,hhfec,false,27/09/3406
9407,aaici,true,16/04/2907
8026,hhhdd,false,23/06/2413
592,abieh,false,20/04/2427
2013,affec,false,26/05/2794
4476,haiba,true,06/09/3971
7681,hdhaa,true,01/03/2972
493,idbce,true,29/06/2804
6956,ahebi,false,08/03/2819
5803,ecaic,false,12/05/3209
5322,bhhbh,true,08/04/2954
4966,dceee,true,15/07/2235
4158,ddhfb,true,04/09/2538
9328,hfbde,true,01/12/2514
6891,cbdcb,false,31/12/3288
6353,dadch,true,31/03/2932
1971,hfibf,false,05/10/3981
2633,hhhhe,true,18/05/3599
6294,ddbac,false,05/10/2781
7189,ibich,false,26/07/2566
3871,ihbec,false,16/07/4066
8531,adbdf,false,20/01/3330
5700,eheih,true,26/06/3290
7428,fchef,true,28/09/3787
3181,bdcii,true,07/02/2897
1748,ddfeb,true,03/05/2446
9084,dabid,true,31/10/2636
3266,bfaca,false,03/08/3659
4676,dcaid,false,09/10/3164
7788,dieih,true,03/05/3325
5329,dchid,false,20/06/3938
7033,edbaf,false,12/12/3054
6660,bhbib,false,01/02/2992
1451,cicfe,true,22/11/3496
3862,iccfe,true,13/01/2834
3686,ciddb,true,13/10/2390
3539,ibffc,true,09/09/3361
9210,bcdef,false,03/05/3155
4984,cdhhb,false,08/08/3624
444,ficdh,false,31/03/3840
1679,accec,false,16/06/3196
4249,bdaai,true,01/12/3363
8900,abiab,false,13/09/4095
6497,adice,true,09/08/3403
845,ebahb,true,17/06/3514
6661,aiebf,false,03/11/2940
1144,dbfdi,false,26/05/3262
9584,hfacf,true,01/06/4091
1087,ifbfd,false,25/10/3375
5467,edifh,true,04/07/2343
4397,aihbh,true,06/12/3878
6752,fidha,false,24/04/2535
1567,ihacd,true,29/10/2860
524,aeehb,true,08/05/3587
9683,hedcb,true,29/08/3771
7346,hiecb,false,20/02/2748
6127,bebfi,true,28/07/3369
3927,ahdef,true,10/11/3981
3224,eeehi,false,21/11/3049
9907,hceee,false,02/02/3603
9539,bfaeb,true,31/03/3762
449,efhce,false,06/05/3362
5095,fcaca,false,17/11/3456
7225,fcfff,false,08/02/3974
8362,becdd,true,24/07/3089
3895,iafee,true,11/10/2305
7333,fccaf,true,14/07/3654
8972,hbahb,false,27/01/2525
827,ifech,false,14/08/2926
8781,cchbd,false,31/05/3209
476,afcef,true,17/03/3914
243,iiche,false,20/07/3521
7665,abieh,true,31/12/2719
947,chehh,true,14/04/3864
1928,feedf,false,04/08/2292
7360,ibaec,false,11/10/2358
540,baibc,true,26/10/3903
8336,eifbd,true,02/01/2505
8127,fidce,true,06/02/4097
8258,abffb,true,09/12/3834
6217,hbfif,true,25/11/3875
5963,dbhii,true,22/04/2855
6391,hdbcc,true,11/09/2610
6050,dahfh,false,07/09/2426
862,fhhad,false,13/10/3382
6011,edcbh,true,25/03/4141
5432,abdfc,false,29/05/2795
8056,dbdde,true,04/07/2367
3199,dcdba,false,25/06/4171
5812,ddhda,false,20/04/3510
498,ddiii,true,16/09/3005
2503,ieefc,true,27/02/3390
4548,babae,true,21/12/3344
937,debbh,true,19/01/2620
7204,bbdif,false,11/04/4125
6669,cfeah,true,09/02/3287
1285,eiabc,false,27/10/3749
56,faehi,false,03/05/3456
7021,cahhi,true,28/11/3326
7047,iacch,true,23/11/3828
9466,abeha,false,11/02/2730
2621,deafi,false,28/08/2596
1913,efdci,true,13/11/3063
7736,ciahe,true,10/04/4048
7289,bcffc,false,31/09/3010
5296,eeice,true,04/11/4228
6917,dedhi,true,23/02/2812
2187,dhdea,false,29/10/2514
288,ecbbh,true,15/07/2377
3431,baaha,true,16/06/4021
2677,bffde,false,23/11/4129
3973,fibaf,true,09/09/3084
6691,abhib,true,11/09/3845
8598,iheii,false,13/08/3434
1711,adabf,true,14/09/4019
9168,bbfcc,true,29/11/3203
8804,hdcbe,false,08/07/3895
5549,iddfh,true,26/01/3475
5348,fifbc,false,09/02/4185
6805,hbehf,true,30/09/3371
2623,dbhfh,false,17/12/2662
3917,eecah,false,12/06/3338
6951,beeaf,false,05/01/2734
1253,hhhhh,false,04/05/3033
3731,behcc,true,12/03/3653
1056,dddef,false,18/04/2923
843,hahdb,false,20/03/3768
2945,bbfec,false,12/02/2555
6588,debce,false,27/05/3390
2391,idefh,true,27/04/2608
6102,abfai,false,10/05/2531
1527,affcd,true,15/06/3219
2182,dihbc,false,10/02/3846
6745,hbfff,true,07/12/2934
4381,bhcid,true,29/09/2538
5178,hbddi,true,04/11/3593
1725,iecbc,false,11/01/3553
7214,afabi,true,08/08/2513
4484,debii,true,07/08/2675
723,fffih,false,05/10/2653
3869,iibbb,true,13/01/2921
904,ebbfa,true,26/06/3868
4030,bhicb,true,30/10/3201
7771,hccdb,false,14/02/3845
6871,eaebi,false,10/11/3529
9326,dacba,false,19/08/3987
3295,heafi,false,04/03/3206
1224,aedbh,false,10/08/4269
5072,ficbc,true,30/05/4135
5649,bhdic,false,27/05/3284
5859,iaiii,false,09/12/3586
4154,bcdhe,false,25/10/2880
3816,ccffe,false,29/11/3519
2211,fdhah,true,28/06/3942
5281,beada,false,06/11/3489
2468,iafbb,true,09/12/3354
215,bcdii,true,25/01/4056
8726,daiec,false,02/09/4248
2785,adahe,false,24/12/2710
6879,bebca,true,30/12/2626
668,bccai,false,27/12/2528
6447,dafch,false,11/01/3051
6046,bdcif,false,21/04/3092
2557,fbcff,false,07/06/3513
3030,edbfh,true,22/10/4245
1621,hdeib,false,06/09/4088
5109,aaiie,false,21/03/2892
7539,dheae,true,21/08/2484
4767,cfbbc,false,23/06/4026
6517,ebfdc,true,11/12/4029
1054,adehf,true,10/01/2954
6409,aihad,false,22/07/3109
2199,fecdb,true,27/07/4279
3635,dhchb,true,01/07/2503
4228,didaf,false,04/07/3124
2803,ibefd,true,12/10/3951
5174,cacff,true,09/05/2664
5514,cbiii,false,17/09/3777
8657,dacbb,false,02/05/3898
1137,acbfc,true,12/09/3062
560,bhbie,false,16/04/3464
7378,dcebb,true,21/12/3697
8153,iadih,true,19/01/3192
85,ibhfi,true,06/03/2478
2268,aeabb,true,12/02/4190
6502,iadef,false,02/08/3156
9172,iaeie,true,18/03/3739
4002,aidbh,false,05/12/3550
5175,ibdce,false,28/12/3372
1128,bebce,true,30/04/4346
9196,ihaed,false,28/04/4008
9294,aadhi,true,22/06/4083
4188,dbebf,true,30/09/2729
3458,cched,false,28/12/3715
1839,ceidb,true,29/05/3624
9269,iihab,false,04/12/3437
1591,defea,false,03/06/3758
8466,eachd,true,30/03/4406
8132,edfdc,false,30/02/3849
8206,bbdie,true,07/01/2583
6371,daccf,false,03/09/2830
4651,fhecd,true,26/10/3934
1843,ibdbb,true,04/11/3187
2195,hhedb,false,01/09/3201
2447,baced,false,24/01/3051
4516,bebfc,true,07/09/3138
3385,dchdc,true,29/08/4394
8377,chddi,false,04/06/3997
6456,ffiei,true,08/05/3678
7741,eacii,false,15/12/4235
8600,caidh,false,18/09/3711
1163,hahfh,false,17/08/3573
8469,badfc,false,15/09/2975
4337,dhcdf,false,12/11/3981
259,efhee,false,08/07/3381
1705,abadh,true,06/02/4057
6735,diihi,false,06/10/3923
1664,iddfc,false,21/01/3866
9973,idfec,true,12/12/2783
2133,biahc,true,26/12/3575
1787,bihhi,false,06/12/3899
6108,dhacc,false,20/12/4379
7478,fcdeh,true,21/05/3955
8664,fichc,true,22/09/2749
2300,hific,false,23/01/3413
2128,fabih,false,03/07/4128
5940,ededf,false,22/01/3117
9244,iifcb,true,12/11/2824
7627,cfibe,false,14/02/4120
8869,dbeif,false,14/11/2985
2450,iicbi,true,29/03/3863
7883,hbebc,true,28/11/2793
4160,ahehe,true,03/04/4345
5988,hdehe,false,05/07/3827
6709,bhibc,true,21/05/3677
6472,bbbdh,false,16/08/3774
9269,bhhae,true,04/07/2976
4612,ddhhh,false,13/12/4238
3028,cffcf,true,10/11/3102
6098,badca,true,17/12/3555
9587,iacca,true,24/09/3536
5856,cdcha,false,04/09/3867
6190,dhehe,true,25/10/4044
9634,hcfbb,false,23/07/3377
7613,bbihe,false,14/09/2775
4232,cehhf,true,10/02/3236
219,ibchd,false,28/01/3942
5643,afcee,true,19/01/4469
8292,fhddb,false,18/03/3716
8712,aiccb,false,15/10/4375
4781,hhbia,true,28/09/3061
445,daief,false,21/10/4393
6967,acheb,false,17/11/4262
4599,cfiab,true,29/05/4222
5576,bdfib,true,23/12/2899
8191,cbaac,true,05/02/2843
7100,cecfd,true,21/05/3269
7470,hbaba,false,14/02/3205
6434,aaahi,true,19/09/4511
7724,ccadc,false,18/04/2982
7037,fficd,false,16/05/2767
4025,dfaha,true,21/07/3385
30,ficde,false,01/03/3731
9744,hffdf,false,03/08/2829
6382,hicfd,true,01/02/3807
3397,eifdf,true,22/11/3086
1894,hciha,false,06/10/3437
9383,cacea,false,03/05/4214
403,hfdae,false,24/09/3832
9387,beibd,false,29/02/3586
5597,bihhb,true,23/01/3349
561,dbcbh,true,24/02/2941
9602,deeee,true,02/09/3719
4283,iiihi,false,08/10/4564
2192,dheea,false,31/02/4333
7052,idhae,true,28/03/3827
5553,aeedd,true,20/10/2690
3498,fcaff,false,30/11/3701
7601,hcfed,false,17/04/3034
2674,hddie,false,06/05/3646
3278,bieic,false,19/02/3509
81,fdhed,false,07/05/2833
6326,bcfch,true,17/09/3460
2711,haaai,false,26/07/4230
682,hcbbf,false,08/04/4183
6396,diccb,false,08/08/2734
8928,acfda,false,06/05/3251
5929,dhbhd,true,18/07/3031
2665,bahfi,false,14/04/3330
1347,bcifd,false,06/12/4493
5478,febah,false,24/11/3308
2618,fiaee,true,08/10/4093
6688,hcheb,true,15/07/3784
277,bchaa,true,08/02/3873
7413,ibhdh,false,14/03/4119
913,icfhh,true,13/04/3332
1089,ieadi,true,30/04/3996
8474,ficai,false,01/05/4113
2676,bcchd,true,12/08/3538
2935,cdfai,false,24/07/3619
3345,idiid,true,23/11/4516
5277,eeicd,true,11/05/3234
2243,fcaci,true,23/12/4381
7859,adbci,false,02/12/3741
1762,eaaac,false,29/06/3561
6370,bcdff,false,18/10/2875
3357,eafhf,false,01/03/3419
4073,aaiid,false,17/08/4045
8094,cfbbh,true,03/03/3163
2144,ecfca,false,18/10/4086
6160,bdbfe,true,14/10/4602
6581,cabfc,false,01/06/2750
6814,fdddc,false,20/11/3088
1010,bacai,true,07/02/2814
464,eeadi,true,13/04/4373
5408,aacdi,true,04/07/2944
4110,fdeih,true,19/11/3571
6001,bfefh,false,22/11/3883
8250,efeib,false,14/01/2841
5167,hdecd,false,11/07/3782
5718,hebai,true,05/12/3340
9542,cbddf,true,11/08/4207
9857,hfcia,false,03/02/4443
700,bcide,false,13/02/4170
396,hhaeb,true,28/05/2945
3357,aeeah,true,18/10/3672
2096,ehcff,false,01/03/4576
8665,eadei,true,17/06/4567
670,fcbii,true,18/03/2906
5787,ibddd,true,14/12/3767
870,adcih,true,02/02/4300
7452,fdiae,false,22/11/4362
6219,bdcih,true,19/06/3907
2710,eiebb,true,20/06/3815
8049,fchhb,false,01/07/3048
5658,ccbhi,false,19/03/2819
7198,hdffc,true,21/04/3993
1881,cifie,true,27/03/3544
3466,ihcch,false,21/12/4614
9379,difbh,false,01/11/3733
6212,eadce,false,07/10/4693
1887,hbdei,true,05/11/4358
3896,acddi,false,03/06/4478
3745,fcacc,true,29/07/4440
5875,cbhbc,true,13/05/4630
8756,dcihc,false,02/01/2836
6340,hehhc,true,22/03/4238
4206,baiah,false,20/09/2822
8064,fhadi,true,18/12/4244
6797,fhcib,false,23/08/4614
4505,bccef,true,01/02/3448
5828,ihdeb,true,01/02/3971
4737,cdhbc,true,16/10/3031
2500,eafai,true,03/07/2896
8292,bdace,true,11/05/3219
8960,ebbib,false,24/06/2966
5383,hbdeh,true,04/06/3072
9581,edaec,false,16/03/3743
4049,adbdd,false,15/06/3610
646,hfecd,false,08/01/4599
9596,bacca,false,06/11/3002
8946,ddafc,false,24/10/4590
7726,ihfdf,false,30/01/3616
3210,caiai,true,23/07/3797
1546,cdbah,true,17/07/3863
7060,cdcbd,true,16/10/3232
8270,dcdcb,true,16/08/3773
753,fcaad,true,16/08/4398
2850,iccfd,true,09/11/4171
1613,chaaf,true,31/05/3849
8206,ffabd,false,24/12/3015
4653,edaeb,false,23/05/3829
5096,fahcf,true,27/04/4126
5431,eacec,false,16/11/4555
4564,baiaf,false,03/03/3394
5051,dihea,true,14/05/3723
2339,dcefh,false,06/03/4042
4048,ceahh,true,02/02/3978
33,adaae,false,15/05/3416
4968,hiidd,true,20/02/4674
3152,hbbba,false,27/09/3589
445,biiii,false,27/11/3363
6744,ichdd,true,29/04/4478
4320,bhfai,true,24/02/3557
686,dhfid,false,30/01/3331
7219,chafd,false,14/04/4789
69,iiaec,true,24/09/3317
6027,acehf,false,29/08/4745
7515,cdiee,false,13/12/3481
5006,ehdch,false,07/04/3930
5599,efiib,false,21/10/2890
8746,bifei,true,11/07/4377
301,ddffd,false,26/09/3845
6285,baeha,false,10/10/3188
8678,ieaeh,true,24/10/4563
1436,bhdcf,false,22/11/3970
8130,difhc,false,21/06/4298
9992,iedce,false,25/01/3249
2344,dihda,false,29/10/3112
9326,eceeb,false,12/12/3020
5702,eebbe,false,04/10/3275
2780,aeefe,false,30/01/3823
9183,hecha,true,06/02/3188
4074,bidhb,true,23/01/3034
8728,hhhcd,true,18/05/3627
5137,ahffc,true,28/08/4698
9907,fcbba,true,01/06/3932
5150,fcddf,true,10/04/3483
5726,iicih,true,30/08/4258
6256,fdceh,true,07/05/4113
1654,hdhhh,false,31/03/4273
1129,hhhec,false,14/10/4236
5273,ffidc,false,10/10/4535
3198,cchcd,true,24/12/4153
4329,idecc,true,17/12/4764
294,bebfd,true,09/12/3915
7936,ceeea,true,22/03/3834
9430,iiahh,false,05/02/4701
8136,chdic,true,14/07/3275
5723,aeebb,false,29/08/4424
8855,cfifc,true,16/01/4094
4303,dfibe,true,25/08/4280
7262,fcacd,false,08/07/4098
2273,hidic,true,28/06/3471
8654,bfbed,false,19/08/3859
9864,cihbi,true,02/09/4047
613,eecdc,false,22/09/4523
2548,ahdbd,false,16/12/3081
6810,dchba,false,30/03/3441
2067,hidbc,true,13/06/3185
2407,bfbdd,true,27/09/3778
9542,bfcie,true,11/04/4576
3144,hffhh,true,31/01/3161
2520,badfd,false,25/06/4784
4199,cbaea,true,26/10/3749
6417,accbh,false,24/12/4235
1172,eaehd,true,24/09/3758
5587,eibhc,true,06/08/3632
1103,ffebc,false,06/07/3433
604,cffci,false,15/02/4448
16,dddea,false,04/02/4440
4642,eafdf,true,28/06/4765
9823,ficbf,false,20/07/4610
9125,bebah,false,29/11/4186
3258,chbhe,true,19/03/4221
8038,ebedh,true,11/12/4817
5999,ifhbe,false,28/07/4427
9570,bhihb,true,25/12/3157
5256,fdcic,false,17/01/3854
9949,hieef,true,25/12/3914
2039,iafia,false,01/04/4463
5344,baacf,true,05/03/4823
5080,bddcb,false,25/06/3861
3807,hdhdi,true,25/06/4163
2605,dcfbd,true,02/07/3690
2384,ehifh,true,30/08/4001
9950,dihbc,false,19/04/3932
9206,iceii,false,21/03/3449
8904,aabdh,true,19/06/3665
1263,badch,false,22/09/4819
6547,cabda,true,27/09/4810
1775,hbhba,false,23/06/4357
3849,bfabf,true,25/03/3183
2780,fcbfb,true,25/08/4514
2046,achid,false,12/05/3164
5193,aibdf,false,13/09/3279
2230,hehbe,true,30/02/4187
3072,eebff,false,20/05/4667
9558,fbefe,false,31/08/4652
2100,ifcbi,true,13/03/4377
5698,bbbbi,true,04/10/4637
1533,dhhee,false,29/02/3544
9463,cdbah,true,08/11/4516
2646,ffdhf,true,18/08/4799
3603,hdach,false,14/12/4334
4182,cddai,false,23/09/3140
1289,chidc,false,21/06/4597
3302,feibf,false,05/01/4034
3896,abbaa,false,09/08/3156
6535,deahb,false,08/01/3955
7445,hceba,false,16/08/3305
9728,iefhh,false,16/01/4606
1020,adbdh,false,08/05/3323
3851,cibib,false,31/01/3958
3857,dfffe,true,10/07/4537
2750,acaad,true,03/06/3466
2460,dbhic,true,03/04/4731
1815,efaac,false,16/10/4099
7409,baifi,false,13/12/4234
2537,ccica,false,08/01/3291
3316,decci,true,22/03/3419
4490,cibaa,true,29/09/4690
2434,cibia,false,07/08/3214
1232,fbdbc,false,13/09/4117
7693,deidd,true,16/11/3311
410,aebfh,false,22/03/4434
5410,bhcba,true,22/11/4217
2541,cbcfi,false,18/11/4360
1396,bihai,false,09/05/4969
5774,fffba,true,16/11/4456
8740,hbfif,false,09/01/4963
73,hiibf,false,28/10/3725
1365,cedia,true,04/06/3811
7006,fdeca,true,22/02/3636
814,aaehi,true,21/05/4877
3593,caadd,false,22/03/3450
4423,hebhd,true,13/08/4827
5844,aibib,true,27/11/4814
6256,hhbic,true,16/09/3622
9653,icecd,false,26/03/4506
2973,acbbh,false,14/09/4089
2204,iahdi,false,30/01/3475
4178,bieba,false,23/12/4336
1294,dabca,false,01/05/4450
2983,ahfee,true,27/06/4731
7253,ffeih,true,12/03/4858
7610,afabh,true,29/11/3812
8521,cehhi,false,21/03/4479
7412,chdcf,false,20/07/4527
4127,iehcd,false,27/09/3920
2208,bhddb,true,09/11/3608
2436,cfihh,false,19/04/4728
7860,hbchd,true,02/07/3170
8573,abhcb,false,19/12/4042
8611,fafdd,true,23/06/3525
2930,dceid,true,04/09/3565
3618,ahiba,true,28/04/4921
6307,heifc,true,05/11/5010
868,bdiii,true,30/05/4364
1311,hfaih,true,10/08/4312
2461,afebi,true,02/05/3975
8022,cbheh,false,04/07/3781
8539,ccida,false,03/08/4854
3759,haacd,false,11/02/4060
3303,acfih,true,21/05/4077
1787,ahicc,true,29/07/4270
8277,hiheh,false,11/03/3364
7019,ieehd,true,31/12/4549
6722,ahdfh,false,16/11/4508
1232,hedii,true,28/08/4456
3049,ahhid,true,18/11/4558
6201,edcdc,false,31/09/3739
9143,iabcd,false,26/03/3681
723,abehe,false,12/04/3410
553,aecfh,false,11/12/4632
3071,bddei,true,24/09/4624
1782,eaeab,false,26/09/4633
790,fihhd,true,30/10/3959
3795,dhfhb,false,03/11/5057
4708,hedbh,false,10/10/3253
1416,ifcdf,true,18/10/4507
9487,dcbhe,true,07/01/4795
3744,eecda,true,07/10/4857
826,fbbdc,false,26/01/3269
7881,beecc,false,13/10/4208
2283,efiec,true,26/03/4640
2577,iciee,false,28/07/4580
6188,adcfh,false,11/09/4213
7796,cibbh,false,14/08/4136
6832,didce,true,19/03/3336
5307,ihaee,false,21/11/4277
8032,aiiaf,true,06/06/4254
7055,iehea,false,05/05/4439
3989,dbeah,false,01/01/4390
4237,dahci,false,22/05/4223
4905,fbfhh,false,24/04/4824
9807,dcaee,false,30/12/3969
4114,fabff,true,15/07/4844
4162,bceie,true,15/02/3994
8537,fehbi,false,06/11/3827
7990,heecc,true,04/02/4736
5926,aehfe,true,12/11/4973
3462,ebdbi,false,23/03/4197
6684,bhhaa,false,06/12/3327
3728,dbdhd,true,03/03/3346
4675,ieeaa,false,10/05/4519
9591,bdfce,false,19/04/3369
491,ebdfd,false,12/02/4124
578,affha,true,28/10/3703
5360,ihhea,true,19/01/3785
6193,edhca,true,13/08/3925
1746,hcifh,false,14/06/3379
143,beffb,true,13/04/4148
2657,abiaa,false,21/12/4048
4498,bebeh,false,13/10/5016
3986,cibhb,true,15/02/3260
7257,iccih,true,06/11/3876
1634,hechb,true,07/11/4692
2037,iiffd,false,27/10/4247
7629,aaeei,false,10/07/3654
7594,haeac,true,07/09/4187
2270,dfedh,true,25/05/4814
5038,bhfff,true,15/12/3616
4869,fbdff,false,22/11/4737
8385,ifdeb,true,18/08/3373
1930,dddda,true,18/10/5085
2402,bhhbf,false,29/08/4193
9729,eabce,false,05/09/4640
4013,hbeii,false,05/04/4728
9219,biffh,false,29/04/3331
9430,eddcb,true,03/02/3310
5528,iadch,false,30/11/4197
7130,iaahd,false,13/03/3542
6012,chafi,false,21/06/5179
9075,faahe,true,10/07/4775
437,hhihh,true,04/06/3480
3223,eihdb,true,19/07/3809
2595,ahhbb,false,06/10/4919
1488,ahhbe,false,30/06/5121
8263,cffie,true,19/09/4137
3631,chchh,true,14/05/3740
2261,ediba,false,04/06/4617
251,ehbad,true,15/12/4384
3300,aibhe,true,29/02/4849
832,dfcbe,true,06/04/5190
5367,ddhbd,true,07/01/3881
5872,iadic,true,25/06/3554
3004,bibhf,true,17/05/4423
9936,hbiia,false,01/05/3730
2950,cdhfi,true,16/12/4069
9950,hceih,false,04/03/4683
7115,dhcad,true,07/04/3786
6800,abbdd,false,10/07/3678
7182,fcdde,false,24/10/3460
7407,bbbhh,true,18/12/4747
3720,ddicc,true,21/12/4645
4963,aaefc,true,29/08/3909
3295,idfca,false,27/04/4027
1930,dfcdf,true,17/08/3519
7436,ebfdd,true,20/08/3557
5586,ffcef,false,24/03/4356
6619,aecac,true,27/05/3773
7849,ccaia,false,29/01/3888
7302,hdbci,false,02/12/5156
9233,ahahh,true,09/12/5219
8309,bdcei,true,27/12/4920
9646,fcdic,false,03/09/5244
9281,bifcd,true,07/05/5114
4064,ehbhh,false,09/07/4955
974,iceaa,true,26/01/3486
9005,bddic,false,04/07/3783
8131,efhad,false,26/07/5183
471,hedbh,false,23/01/3730
1590,hfhhi,false,16/04/3624
2378,aiebb,true,10/07/4845
2858,iecha,false,18/07/4011
3108,bicdf,true,13/05/4937
821,dahcb,true,18/09/4003
6436,dhbfi,false,12/05/4150
9843,chfei,false,27/01/3445
6308,haiab,false,21/07/5154
5236,beieh,true,30/07/4515
2724,hhdfe,true,23/06/4733
1947,bdice,true,28/06/5150
5741,ehbfb,false,21/10/5099
2116,baiaf,true,16/03/3921
4987,fhbie,false,31/10/4022
8406,fceha,false,11/10/4851
419,fhiih,true,24/12/4167
7086,aieda,false,11/02/3990
542,ihece,false,30/10/3694
3206,bdeeb,false,03/11/3962
5643,heiha,true,05/08/3424
2952,bdche,true,24/01/3796
2872,dhiei,false,21/09/3407
3510,aeeea,false,18/12/5241
4926,eidib,false,17/01/3792
1249,bfeeb,true,03/02/5242
9486,iccdb,false,26/11/4334
1563,ehaab,false,11/01/4747
5106,hadhd,false,12/01/3965
2478,iaadh,true,02/09/4384
8592,afeia,false,03/11/3463
3624,fiief,true,01/02/4718
1608,fffda,true,06/02/4051
7085,cahcd,true,31/02/5175
9049,beaff,true,21/08/3856
1356,bhbhh,true,11/04/3733
2694,bhicc,false,05/09/4321
8505,fbebc,false,21/07/4946
8489,caabi,true,03/12/3894
7139,ehadd,false,07/08/3962
4931,ffafe,true,29/01/3868
9179,ieeai,false,07/06/4160
3234,ifafi,false,11/02/4061
3005,iidfi,false,27/11/4313
2862,babbd,true,19/03/4622
7955,hedeb,false,31/07/3740
9224,ahdfb,false,16/08/5266
3767,dehad,false,04/04/3818
9935,hifaf,false,15/06/5269
7130,idcda,false,11/02/5109
65,babce,true,17/10/3679
5461,cbcfd,true,06/03/4608
3037,eefie,true,12/11/4551
5493,efcbi,true,24/10/4279
8284,bdhea,false,20/10/4453
1722,eiafe,true,11/11/4130
4797,abifi,true,09/10/5299
8558,dafbh,true,21/01/3632
4832,hfhaa,false,04/12/4986
1092,ecicb,true,26/05/4066
9790,bbcbd,true,01/08/3504
5452,hchhd,false,04/10/3573
1437,dfebf,true,06/09/5365
5897,dfheh,true,16/07/4317
6888,aecib,false,01/12/3626
4764,cacii,true,30/12/3870
7097,fbbaa,true,22/03/4763
2003,feiaf,false,03/01/5251
9344,idhie,true,17/07/4132
945,dhebh,true,10/03/4303
2513,ehaca,true,07/04/5035
8097,cebfi,true,30/07/4009
9364,eaach,true,19/03/4172
4701,ahbib,true,16/05/4038
7706,ehiif,true,25/02/3689
9598,fabbb,true,30/05/4080
7585,fiice,false,15/06/4507
6822,bifcc,false,23/11/3848
6736,hhfba,false,19/01/3851
6848,iiahh,true,06/06/5419
7098,eihaa,false,10/07/4865
4242,hehda,true,12/06/5032
4667,aedbc,true,12/07/3995
2880,fdhcc,true,15/06/5309
5226,deieh,false,30/02/3950
430,ihdhf,true,17/12/4381
6431,deaab,true,27/10/3769
6785,hbbaa,false,08/02/5303
3961,ifhid,false,20/05/4174
9509,dibdi,false,08/05/4644
6615,ebhbh,false,26/07/3956
8551,feicb,true,19/01/3990
9130,bdcbf,false,05/01/5066
4974,dfdha,true,09/02/5255
523,dibad,true,01/08/4979
964,fbbbc,true,05/06/4274
1268,ahiaf,false,26/10/4526
967,hfiha,true,10/02/4222
4394,cdebh,true,09/08/4350
5989,cdice,true,21/05/3663
79,hfdfb,true,02/10/3767
9374,ahebc,false,28/09/4627
311,fafee,false,05/02/4738
3698,dafdc,false,19/01/4615
3482,caidb,true,23/10/4430
1619,efaia,false,23/02/5085
7825,abedd,true,01/08/4015
3764,fehdb,true,06/08/4436
6481,hbaaa,false,25/08/4903
7551,hhiee,true,05/04/4965
5040,bafih,true,30/03/4782
8639,ccidb,false,27/05/5490
4376,icfbi,false,17/02/5425
6036,ibcfb,false,08/06/3687
5501,aecih,false,05/09/4130
6609,bcfha,true,15/06/5107
7724,haffe,false,14/01/4632
1482,abibb,false,23/02/4079
2631,eifdb,false,05/02/5173
8688,hbhfh,false,11/07/5246
6006,dfbbb,false,19/05/3642
3604,cbcec,true,24/06/4471
366,ebfbc,false,27/06/5362
6176,dbdfd,false,09/05/4389
9611,cafde,true,20/07/4207
2212,defha,true,02/03/5083
3969,dahfd,true,06/04/4985
5716,ahbbf,true,08/03/3847
5187,ceiib,false,10/06/4058
3524,iddhc,true,29/09/5271
398,dbbec,false,07/12/5481
3850,fciia,false,23/05/5366
8193,iceed,true,07/11/5378
7862,eeedd,false,08/05/4964
1516,efadb,true,08/07/4710
6700,bhihc,true,02/02/4327
8530,dihia,true,25/03/4669
7679,idfda,false,31/09/4881
3231,cabch,true,17/11/3975
1051,cideb,true,31/02/3806
6939,heiha,true,23/03/5262
3098,ecbch,true,07/07/4387
4021,cddhe,false,31/04/4929
1358,ihiee,true,07/02/4191
6177,hhfhi,false,06/07/4055
5127,bbeif,false,08/01/5080
8112,hhcde,false,29/09/4806
3394,bdihf,true,24/01/3744
7089,bhfih,false,08/05/5565
409,eibhf,true,25/07/3685
712,hifhh,false,29/07/5183
6995,dchdd,false,31/06/5038
8658,efaie,false,04/03/5552
74,eahcf,true,01/11/5257
5229,fchhi,true,06/05/5327
9814,bdehc,false,27/11/4676
176,efdce,false,02/10/4429
7323,bhbhe,true,02/04/4470
3530,ifhib,false,18/03/5456
5380,abeii,false,18/11/5574
3628,fdfai,true,19/11/3954
5067,hfchd,false,05/06/5028
8205,fbadh,true,09/04/4096
8111,dfhih,true,01/08/4685
2516,afdaf,true,22/09/5346
879,ieiia,true,14/12/5597
2362,ifcef,true,21/11/4566
333,deabc,true,21/03/5477
7433,ehhae,false,13/11/5562
4835,hdfif,false,03/04/4026
3667,ecech,false,08/10/4983
5386,ffchh,true,01/07/4199
6685,eeefe,true,02/07/4006
7508,fidcd,false,29/01/4338
7675,bhccf,false,12/11/4322
4996,dhbib,true,08/11/3939
7270,fiddd,true,30/11/5436
9767,hddbc,false,08/12/4735
5354,iecha,false,27/08/5629
4114,ficii,false,14/06/4559
774,dific,true,04/07/4482
4108,ifddi,false,31/07/5386
4658,aidfc,false,04/07/5337
887,bfbea,false,21/10/5238
8200,cdeib,true,22/11/3954
2981,dbdhf,false,04/10/4163
1767,bcade,true,31/08/5259
1683,ficde,false,12/02/4067
6535,ebfch,false,31/01/5441
4892,aihcc,false,31/05/3757
8026,cibaa,false,17/09/5646
7667,hihbf,false,30/02/5162
1900,bdccc,false,25/12/4484
5329,fhfdi,true,29/10/5372
19,bcied,false,08/12/5193
4226,fehfc,true,24/01/4549
3776,ceddf,false,31/01/3912
6486,chiii,true,18/04/3800
3527,fdbah,true,12/09/5045
8145,ahbid,true,15/03/4311
1108,cciac,false,06/06/4110
9801,cffbd,true,15/03/5242
3305,ehhab,true,31/10/4882
3770,eifdf,false,04/07/5145
1479,didcf,false,13/12/5365
3599,fadac,false,01/01/5338
7709,bcheh,true,20/11/5482
4476,dfcbc,false,09/08/4418
4286,fhhdd,false,18/06/5421
6951,fidbh,false,24/09/3841
7583,fedcd,false,29/10/4729
2434,baabd,true,05/02/4274
4200,ebcaf,true,08/10/5097
3155,edbcb,false,26/03/5487
5865,fhhdd,false,30/03/4867
7237,bffhb,true,03/06/5668
259,cidab,false,31/03/4006
5705,daebd,false,21/05/4616
1830,dhhac,false,08/12/4689
3420,ffiae,true,30/09/4595
8464,hdhbe,false,07/04/4521
3945,daaih,false,22/10/3954
9110,eciae,false,10/02/5416
1998,cadah,true,26/08/4247
8155,fhedb,false,28/05/5588
5119,iaheb,false,13/10/4182
2196,adbbc,false,27/06/4276
7113,ceidh,false,09/02/4551
6235,bfhef,false,14/11/4740
2526,heecf,false,23/02/5096
4343,fhiib,true,14/06/5365
6083,dabca,true,29/10/4190
680,fhcaf,false,07/08/4503
8096,hfcbf,true,06/05/4061
3387,eihbb,true,03/06/5265
816,hdccb,true,31/08/4883
2106,bacbc,true,29/01/4327
7840,cdhah,true,04/06/5469
2050,hhcfd,false,17/09/5216
3323,eafad,true,17/06/5467
4946,caiia,false,17/08/5223
2663,ciiba,false,04/06/4281
2532,dhfhc,false,29/01/5300
793,ceddi,true,28/05/4108
8165,hbeaf,true,24/05/4041
7538,bbeae,false,28/05/5456
5327,fehbi,false,22/06/5333
7571,abhai,false,15/04/4719
3098,bbhhe,true,11/06/4938
8390,bfaai,true,05/05/3924
513,feddc,true,02/08/4171
123,hdchd,false,12/09/5772
9010,aceci,true,27/02/4912
9283,hhiaa,true,15/12/5433
9909,bdibh,false,20/01/5415
6422,heabf,true,20/07/5183
5749,bciaa,true,15/07/5761
3995,cfbbc,false,11/12/4777
4902,ahdcb,false,26/03/5505
5194,ihhia,true,06/06/5462
7579,aecai,true,25/08/4351
3337,bhcaa,false,14/10/5079
7580,hiefh,false,18/12/4508
6076,abcef,true,29/08/4025
8159,fdbdi,false,28/06/4469
4969,aadff,false,12/11/3970
2255,behhi,false,22/05/4312
8928,fciea,false,05/10/5163
3874,fdaed,false,10/09/3951
1830,dfdeh,true,05/01/4731
6012,bfdea,false,23/10/4699
2216,idbeh,false,16/08/4865
5517,hdieh,false,30/07/5317
9675,aieii,true,01/01/4067
325,cfica,false,11/02/4061
5155,fdcib,true,08/03/4312
9195,fhdef,true,21/12/4356
7919,bfdhi,true,05/06/5465
4021,ihfdb,true,13/06/5336
2752,fhaia,true,21/06/3927
4978,chdbe,false,14/07/5619
2144,hedcf,true,12/05/4261
1306,iafbe,true,30/07/5820
8577,aefee,true,05/11/4359
4944,chbaf,false,01/04/4669
2567,ifeic,true,23/01/4788
1640,aaeaf,false,20/02/4249
3868,adahb,false,07/11/5043
3877,fefif,true,03/09/4787
5785,haedc,true,06/08/4137
532,bchfh,false,01/06/5595
951,hecci,true,04/08/4674
7098,aihef,true,27/08/4936
7489,beedf,false,20/01/5574
3977,aabfa,false,18/02/4742
4546,hfedf,true,19/10/5813
5856,hacdh,false,12/11/4530
6715,ihedh,false,11/04/5560
9230,aciei,true,05/02/5750
698,fcddc,true,19/04/4691
9347,abhhd,false,15/06/5097
4674,chidh,true,29/04/5465
7423,ifece,false,09/11/4862
4810,efbcd,false,13/01/5162
5604,ciahb,false,22/05/5013
1437,eecib,true,07/04/5550
4398,dhaeh,true,05/04/5422
5445,faiia,false,03/08/5524
2211,ceaci,false,30/02/5192
9654,iibai,false,28/11/5868
9028,bedci,false,20/01/4319
8608,cicif,false,12/07/4127
5031,idcbf,false,04/06/4218
1988,aiaca,true,14/02/4009
1633,ddhca,false,18/09/5200
5792,dcdce,false,23/09/4696
9767,faccc,true,01/11/5870
8121,ffied,true,01/07/4143
641,dabaf,true,09/08/5237
6714,bibii,false,30/01/5146
7015,ihadh,true,11/12/4296
4921,aceie,false,17/12/4103
4914,deeha,true,01/06/4496
527,eahhe,true,07/09/4141
1654,bheib,false,17/02/4391
3264,haebd,true,15/08/4387
8202,aicfe,false,18/03/5747
3738,ieebh,false,28/02/5194
1376,cefhe,true,25/05/4100
4239,ccfch,false,24/03/5872
3514,ehbbc,true,16/08/5043
2571,bfcic,false,09/01/5243
9607,bhcca,false,22/12/5518
2545,icibd,false,28/11/4475
7157,dahci,true,03/07/5271
5858,bfibc,true,07/03/4432
3531,dcedh,false,16/07/4727
2022,adffe,false,07/01/4503
6088,feced,true,04/07/5532
8716,bddic,true,27/03/5064
7596,fiiaa,false,25/10/4512
9336,babee,true,19/01/4627
7262,cdccf,false,19/12/4882
7086,hdidd,false,10/10/4573
3738,aaidb,false,13/05/5294
6510,iecba,false,06/10/5518
1131,ffiba,false,22/06/5408
9301,iacih,false,14/06/4375
4788,hcdci,false,13/10/5801
4903,edcbe,true,27/09/4311
6699,bhchc,true,08/06/5422
3940,ehach,false,12/11/4238
2827,hahbc,false,18/04/5041
5233,checi,true,03/02/4874
4069,hchfi,false,25/09/5672
2445,bifah,true,14/04/4774
9415,fiech,true,23/12/5001
4296,beeed,false,26/11/4119
5875,hcfad,true,18/04/5800
1411,bbbaa,true,29/10/5971
579,bhhaf,true,12/01/5959
1193,feech,true,09/02/5471
7616,hefih,true,14/09/4708
7491,hhdfh,false,07/02/5196
8401,daiaa,true,19/02/5577
3959,caeid,true,22/05/5914
2688,ehbii,true,13/01/4654
3895,ahfhd,true,16/11/5820
4280,cfeef,true,21/08/5840
4857,ciebf,false,24/03/5973
8843,fhiif,false,30/08/5807
5946,hfhhe,false,17/02/5918
3751,idhfc,true,08/11/5417
2040,bahbc,true,17/09/5557
354,hafad,false,21/01/4362
9706,heabf,true,21/07/5981
6466,ccdeb,false,20/12/4203
3225,eidee,false,12/07/5854
9283,aadic,true,04/03/5017
183,ffceh,false,14/09/5640
4008,aaahb,false,30/10/5247
1108,habcb,true,08/01/4371
1830,abiif,true,23/09/5969
2160,hedaf,true,04/09/4482
5674,idcdh,false,29/01/5317
6780,ecbii,false,06/02/5014
1054,accaf,true,02/07/5287
7335,bddca,false,31/03/4749
8965,bhbdf,true,13/09/4633
2352,difhe,true,21/04/4954
338,adaaf,true,21/05/5485
3619,adidf,false,10/02/4151
5985,adiea,false,30/09/5445
3552,dcceb,true,08/02/5376
1875,dciff,false,27/10/4588
7932,hhhhd,false,06/04/5902
4269,eadcf,true,03/06/4702
5290,adcbh,false,18/01/4979
4990,fbbec,false,17/05/4254
6420,bfhca,true,30/12/5486
3640,eehfb,true,01/10/4173
7460,ihhbb,true,27/05/5761
4053,dcfee,false,21/07/5004
258,hbdee,true,24/11/5332
5267,hiiei,true,10/05/4549
9544,abiie,false,18/12/5806
3654,ehcdh,false,27/09/5551
7885,ddhfh,true,27/05/4587
2909,iadhb,true,08/05/5784
1608,abfhc,true,02/06/5922
7443,hhfaa,false,16/10/4750
6357,cbiic,true,20/06/4268
1117,ahibc,true,30/05/5354
8009,iaabc,false,14/06/4965
2283,ibdec,true,31/10/4626
177,idehh,true,01/05/5897
7090,edeef,true,24/09/6080
5255,ifheb,false,31/05/6057
7474,cabhh,true,28/01/5431
4693,cdccf,false,05/02/4930
4055,deddh,false,27/12/4879
4186,ibfie,false,22/03/5415
761,diehc,false,20/12/4976
4253,fhcba,false,01/02/4489
6107,bhbef,true,14/06/5276
12,ebfee,false,28/07/4712
8901,bfheh,true,13/07/5144
1133,cchch,true,23/04/4725
9110,deaii,false,04/07/4950
6884,baiei,true,24/09/6080
465,efbad,true,03/03/5861
9563,fdeea,false,24/03/4610
2353,iihhh,false,06/11/4224
7798,fhadd,true,08/09/4538
2723,hfbhh,false,08/10/4495
3711,cdfcf,true,20/06/4856
4319,chaef,false,29/11/5450
5754,aceef,false,12/03/5064
217,bcfai,false,01/10/5469
3118,efaea,false,14/12/5284
8879,hfdea,true,28/11/5250
5702,cieci,true,29/01/4941
2673,bbidd,true,26/10/4640
3027,cdhee,false,14/10/5458
7879,ecbdd,true,16/01/5804
539,baaae,true,18/01/4795
544,iecdi,true,25/06/6034
3347,debif,false,30/09/4547
4188,eiddi,true,31/07/4544
3059,bcbhf,false,04/08/5621
7517,cedii,true,19/09/4560
9709,eaccc,false,08/11/5459
186,fiece,false,30/11/4617
6251,deich,false,30/09/4903
3328,acdce,false,08/07/5492
7702,bffei,false,02/03/4837
7082,hbfhb,false,17/03/4363
6710,bedfh,false,18/06/5985
9353,efeab,true,04/12/5432
3474,hfaha,false,01/04/5137
543,ecfhi,true,15/07/6147
4679,ffbcc,true,29/04/5641
719,aefda,false,29/01/5383
9190,hfddf,false,24/03/5458
2946,afbfe,false,16/06/4774
7748,ccbai,false,16/10/5418
2383,dabac,true,11/02/4904
7754,hhaia,true,03/10/4371
7522,affei,true,03/12/5026
2505,efdaf,false,02/06/4737
5994,afdhi,true,23/07/5431
504,cccca,false,19/07/5181
3482,eeddb,false,24/08/5863
8383,iaeca,true,19/04/4902
2976,bcefb,true,18/05/5440
4125,iafha,false,29/12/5939
5346,dfccd,true,03/09/4525
2471,hbiic,false,31/12/4997
8951,efffh,true,27/04/5960
8097,fcfad,true,22/10/4704
6160,hahch,false,28/04/4704
3623,edfhh,false,24/11/4639
7980,bcaie,false,27/10/6122
4616,bhcbb,false,15/07/4664
8345,bhiac,false,31/12/5670
3761,bifac,false,18/12/5355
3353,idbhd,true,17/04/4686
1967,beaed,true,15/12/5615
5127,fiddf,true,15/03/5197
9179,dfhdb,true,12/04/4464
1129,feeei,false,04/06/6227
4457,icdaa,true,08/08/5302
7142,baebf,true,02/02/4651
1691,bhbcc,true,15/05/4560
5512,abdhe,false,26/12/6112
7862,hecib,true,12/08/6190
7720,bdfia,false,17/11/4648
3661,hbafe,false,07/03/4700
3722,eabba,true,17/06/5825
3340,dbihb,false,27/01/5671
8337,hfifd,true,04/08/5235
351,aaeba,false,11/06/5903
3189,biihd,false,13/01/5783
5486,hdeda,true,26/11/4693
8635,hdfhf,false,21/08/6206
1492,eebea,false,31/10/5446
2306,ciffh,true,20/04/5479
1633,beihf,true,22/08/6074
9424,bicbd,true,19/02/5999
5184,aebib,false,12/03/4473
2983,fieac,false,15/01/5518
7578,ihbfc,true,12/07/5560
3391,iicfe,false,09/08/4430
9614,bfihd,false,08/05/6275
5070,eebae,true,24/01/5525
1823,bcbfe,true,10/04/4751
3749,ehedi,true,13/04/5606
101,cbbdc,false,25/07/4871
7729,difci,true,07/10/5453
5635,abfdh,true,12/08/5860
9293,fhfdf,true,15/06/5850
3257,ihdie,false,07/12/4616
5052,bdbhd,false,03/10/4544
8082,didac,false,26/08/5259
7087,icffh,true,25/02/4641
5635,ciifb,false,28/07/4721
5782,bbccf,true,22/12/5778
3627,cefcb,true,13/08/5915
8136,hbacc,true,02/03/4998
2581,hfidh,true,29/03/5680
5139,bheac,true,21/01/5717
2595,eafda,true,11/03/5586
7168,faddc,true,08/09/4664
2735,dedif,false,21/03/5638
971,eefhc,true,26/11/4480
9543,hbdai,false,24/08/5265
8197,ddiia,false,13/07/6084
8258,affha,false,01/06/6126
8090,fhfai,true,28/09/5694
5444,aihec,false,19/09/5421
1686,bhhhe,false,20/12/6342
3618,iheac,false,21/12/4433
7556,aefcc,true,28/03/5578
6383,ibdid,false,31/03/4712
13,hchca,true,07/01/5595
1967,cfeei,false,18/08/4914
7415,aaihb,false,07/09/5816
1256,ibiic,true,17/09/6351
7600,cfiii,true,21/09/5289
9664,ebaii,false,11/10/5084
2277,fbhfh,true,30/10/5235
8294,abafe,true,12/12/5218
1396,cheff,true,20/09/4698
8133,bchca,false,18/06/5955
9234,bhibb,true,17/11/4554
2361,dhiae,true,08/05/5087
7573,efabc,false,11/10/5087
7010,fcibh,true,03/03/5589
8559,ebhda,false,28/04/6044
6030,iiahi,false,05/11/4636
5427,aifeh,false,03/01/6291
3358,eiiae,true,30/12/6106
3994,dbebb,false,07/12/4532
2036,dfcfa,false,08/05/4778
9367,aaeha,false,10/01/4700
3693,eacce,true,22/10/6162
1404,fhfhf,false,20/01/5519
6848,abced,false,15/06/5113
4673,hbaaf,true,13/04/5147
9841,ecibb,false,29/07/6390
7413,ahhhe,true,26/04/6356
4387,aiief,true,04/06/4818
2496,dfihi,true,21/05/5273
6345,iidfh,false,05/09/5028
9440,iiiif,false,31/03/4651
2492,iafcf,true,09/03/4727
8008,ddcfd,false,14/09/5911
4089,adaif,true,13/03/5798
4549,iiddd,true,31/02/5421
6037,aabca,false,22/01/5996
3849,biaha,false,09/08/5431
4651,fdbia,false,20/02/5412
6354,aaibc,true,05/03/6214
6990,fcabc,true,14/03/6228
8216,hccic,false,07/07/6041
7628,bhfde,false,08/12/5243
5387,ehfaf,true,29/03/5037
6550,abace,false,06/04/4995
1979,dicfa,true,19/11/6248
5118,cbbde,false,16/09/5347
7506,fcfdd,false,23/04/6328
2919,fibcd,true,30/01/6313
8484,idech,true,20/10/4785
9633,bdhfa,true,03/09/5789
5798,cchdi,false,02/09/5969
1441,ccedd,true,14/07/5669
9140,dfbib,false,29/10/5608
2575,acaad,false,15/06/6306
2211,eehhd,true,31/07/5630
330,baabd,true,15/07/5954
7385,dfbhd,false,06/11/5564
1886,hiceb,false,02/03/4821
6626,bihee,false,14/04/5817
1747,eahfa,false,15/11/4768
7910,baiec,false,02/05/5570
7618,ihbbb,true,19/07/4573
3257,dhefh,false,05/09/5064
2199,diiac,false,10/04/5476
9686,eaehc,true,24/06/4663
5328,cfdbd,false,28/09/5155
2424,iachi,true,12/03/5149
8204,ibdde,false,07/04/5787
1117,iffdd,false,04/03/5763
8845,bafib,true,29/10/5507
7113,dcefd,false,11/07/5593
803,ecbca,false,10/09/5917
1322,acifa,true,28/01/6126
4752,fdcie,true,26/11/6071
57,iabbb,true,14/02/5611
6869,idida,false,15/09/6173
103,ccahi,false,06/01/6113
3397,cccdc,true,15/12/4668
9820,fedeb,true,16/01/6004
7585,bhdda,true,07/06/5115
4277,eceac,true,29/03/5502
6963,bbdih,false,24/09/5743
2642,faahe,false,31/12/6254
6131,fhhad,true,25/02/5941
4042,iibfd,false,13/06/4621
9290,edfae,true,28/08/5616
5646,hacei,true,05/06/6029
7372,chadh,true,10/10/4654
6320,daacf,true,04/07/6109
2050,ecehd,false,02/12/5243
4469,efeae,true,05/04/5869
7525,cdihc,true,02/10/5893
4201,baaba,true,25/11/5876
7666,dahed,false,25/10/5326
7259,bacee,true,19/02/5706
8137,bffeh,false,18/01/4821
6680,adehh,true,31/04/6404
3587,dbfii,true,30/03/6448
7020,faihh,true,31/05/4764
9372,hhcai,false,11/01/4709
6730,ibhfe,true,11/07/5703
9461,iiiid,false,29/03/6036
7692,ecfda,false,06/10/4733
2154,cacab,false,14/08/5530
2195,eafib,true,02/11/5318
9579,aiecd,true,23/05/4913
2064,ffhcd,true,21/05/5714
2524,icacc,true,04/03/6412
5032,aibfe,true,18/04/5714
2627,fbiai,false,28/05/6317
6531,abaid,false,22/12/5706
1755,fbcbi,false,15/12/5313
7997,daaih,false,11/06/6025
3724,ffheb,true,09/12/5306
6631,adihc,true,02/03/5224
458,iheie,false,08/01/5403
6368,abdee,true,21/07/5703
293,bafdh,false,24/12/5092
4886,ihcfc,false,12/07/6459
8140,dafhi,true,24/04/6413
1928,eecfi,true,16/04/6071
4547,effhf,false,08/02/5083
5414,beieh,true,29/10/5199
4849,ehcee,true,26/11/5880
2068,ddbca,false,07/06/4901
4195,bbeff,false,18/12/5751
4004,dcihd,false,08/06/4849
8569,eeicf,true,28/08/6052
1286,efced,true,12/01/4844
9577,bchdf,true,15/01/5519
764,hbeei,true,05/09/5657
1074,eifbf,false,12/05/5892
2871,bbbbh,true,21/07/6085
1232,diihd,true,11/10/6038
9881,hbafc,true,27/11/5815
5915,ahcdd,true,13/09/6499
3493,hbhhd,false,28/04/6396
9154,cfaii,false,08/11/4838
4037,dddei,true,12/06/5400
5012,cdfeh,true,26/12/6453
9401,ahdcc,false,10/07/5295
2440,cfbdb,false,28/03/6109
3908,fddhh,false,31/06/5554
7283,fehhf,true,07/11/5147
9066,adcae,false,10/12/5984
1554,fafhb,false,29/07/5579
5547,hdifc,true,12/02/5554
2183,ecbde,true,28/01/6024
7569,haaff,false,22/05/6075
8061,aeced,false,02/08/5125
1671,fcche,false,07/01/5973
3585,iieid,true,21/10/6016
3645,heihe,false,14/09/6051
6477,bhfib,false,04/07/5634
383,dbdda,false,05/10/4965
5653,aiaaa,false,08/01/5505
30,hecaa,true,07/09/5234
4257,cdahc,true,12/07/6600
491,cffii,false,10/04/5055
7854,iaiia,false,24/07/6331
1406,cbcic,true,07/08/5245
1352,ehdff,true,03/11/6002
8782,eheff,true,02/06/5311
5382,eeida,true,23/08/5132
2871,heddb,true,13/09/5050
3520,ecdbd,true,15/09/6031
5101,fcbdc,true,10/11/4757
584,dbdfh,false,25/11/6585
2346,ffeah,true,04/11/4838
4200,hchfb,false,14/04/5293
2357,efefd,true,28/10/6483
6853,hdiic,false,22/01/6298
4972,iifff,true,12/10/6461
1397,bceii,false,20/10/5125
7600,aedcf,true,22/08/6057
1176,befah,true,14/07/5091
2631,cbdeb,true,29/01/5076
691,cheeh,false,23/10/5474
5682,hcehi,true,21/08/5813
480,feeee,true,19/07/6250
7943,acadb,false,01/08/6511
1809,bcffa,true,09/08/6145
4502,ibfhb,false,27/04/6198
9534,hacfa,true,18/04/5089
1618,hbdbe,true,10/06/5514
2852,hdccc,false,04/08/5742
8862,aiced,false,24/09/4927
5718,hfcie,true,28/12/5118
501,achaa,false,07/03/5612
3353,fbdcd,true,27/12/5295
8709,chbdh,false,21/12/5572
2404,daacb,false,06/10/5335
2106,hdceb,false,19/02/5529
3631,afdec,false,15/12/6019
5924,iiiha,false,13/01/5500
294,bedhc,false,14/01/6062
1392,ahaif,true,28/12/6669
7479,eabdh,true,23/11/6498
8383,bheib,false,19/11/5172
8386,cabab,false,20/12/4937
7231,ecfeh,false,26/04/5421
7162,hahbf,true,17/11/5244
7524,afada,true,04/01/5800
3937,ffbih,false,21/12/5442
3803,achdb,true,24/08/5313
6547,ahche,false,21/06/5064
2355,fiheb,true,10/01/5422
3899,hdaic,true,09/04/6102
7040,diiba,true,02/02/6162
6326,efbac,true,25/04/5351
3071,fhfhf,true,09/04/6452
3131,ceaec,true,15/02/6040
6781,iieif,false,31/02/5589
6328,dfbae,false,07/11/5687
6464,hifei,true,31/04/6306
5330,ihiab,false,13/06/5522
591,dcihi,true,01/12/5817
988,hcaha,false,31/02/5147
8000,afchc,false,31/04/6017
3625,dibcd,false,31/05/6282
3213,eecbe,false,02/02/6060
4373,aedca,true,04/12/5519
4665,dbhaa,false,18/12/6384
3502,cfbaf,true,31/07/5535
3704,fhccd,false,19/10/6148
6525,fhhhi,true,30/10/6071
7180,fiehi,true,08/12/5453
6160,hbiie,true,03/01/6612
5047,hebdb,false,17/04/4975
2193,ebfea,false,20/07/5961
3256,icbhd,true,11/04/6293
4714,iceee,false,21/10/6581
5207,cface,true,16/06/5455
9864,acfcc,false,15/12/5329
6285,cecba,true,20/01/6453
1524,ecfcd,true,02/06/5881
9403,ccidc,false,06/02/5340
4310,fibeh,true,31/12/6215
5859,babae,true,23/11/5339
7890,fcafi,true,16/11/6585
8431,hecaf,true,07/05/4982
3485,idbib,true,26/10/6145
7393,dddca,true,08/05/6372
5053,ehdch,false,29/03/5748
3320,fdadi,true,27/03/5078
9159,iaidf,true,04/02/6275
7225,befhf,true,20/09/6756
1277,fhiea,false,27/02/5294
7775,hdbai,true,26/05/6840
9596,abbea,false,13/11/6602
3524,chhda,false,10/07/6790
8723,biffa,true,11/05/5567
3637,ebfde,true,24/11/5001
779,chbba,true,08/05/6569
3434,echbe,true,07/03/5018
4549,aiffb,true,23/12/5791
8878,dafib,true,13/03/6359
6969,fdcda,true,03/06/6251
8959,defhe,false,17/10/5848
4006,acici,false,27/03/5792
6869,fabhe,true,10/07/6120
3240,bdeea,false,02/04/6474
5495,deihi,false,21/07/5138
8590,cadab,true,20/03/6037
8224,dhfae,true,09/12/5571
1118,edaeh,false,21/06/5205
7486,cefdi,false,13/11/6145
9630,fhafe,true,27/05/5483
5791,cdbdb,true,08/05/5230
6378,hhbfa,true,30/02/5805
3564,fecdc,false,27/12/5044
811,ichfe,false,17/11/5018
8366,ddbii,false,06/08/6058
5832,ifbeb,true,17/01/6153
2044,cafdh,true,06/06/5455
3655,eadhc,false,25/09/5308
7608,diihf,false,06/02/5428
6508,feebh,false,31/04/5777
3746,aeceh,false,09/10/5387
4785,afeci,true,21/03/5316
4615,cdbce,false,26/07/5079
2178,ciaaf,true,26/09/6084
8724,ahdae,false,22/03/5567
5667,iiead,false,06/07/6575
1220,fdhhi,true,10/07/5947
9672,behie,false,12/01/6753
5459,hiidb,true,26/03/5991
7935,iebdc,true,09/10/6643
7369,adefh,false,01/09/5848
8812,ciche,true,21/11/5745
8556,icbaa,true,06/12/5642
1120,ihihd,false,06/09/5612
105,eicif,false,29/08/6907
8644,faahf,true,22/02/5679
3634,bedaa,false,13/05/5628
3174,ifdfe,false,08/05/5669
7023,eaefe,false,16/05/5144
3024,bfcef,false,31/04/5214
8187,ehceh,false,03/01/6604
2315,iahba,false,01/10/5508
7946,aafdf,true,15/05/5981
7305,bbfic,false,06/08/5845
9301,ibcda,false,27/08/5995
258,abbbc,true,20/12/6451
1789,iehhf,false,17/03/6485
4921,afiif,false,02/01/5410
6918,daeae,false,24/08/6305
9992,hhbib,false,14/06/5532
6397,cdffe,true,05/01/6269
8531,hchab,true,26/03/5277
2169,fecid,true,10/05/5316
715,dehie,false,24/04/6702
7302,ifbae,false,08/07/5629
7429,dhfac,false,16/01/6651
1811,hhfda,false,11/11/6908
3557,addcc,true,15/12/5557
9281,bhice,false,03/04/6621
9287,dbfdh,true,25/11/5546
9072,feedf,true,02/02/5270
306,iaaac,false,21/12/5251
5443,aeffh,false,04/01/5347
8342,deidf,false,26/09/6788
5149,bccfh,false,02/11/5972
3287,ffidi,false,06/05/5301
5808,icfdh,false,31/01/6020
5444,bfbah,false,11/09/5866
8415,ddiic,false,10/04/6827
8710,bffce,true,26/04/5424
4189,hahdf,true,22/01/5235
7670,dbfeb,false,17/11/6484
1027,iiefe,true,21/07/6205
9863,cfaha,true,09/02/5278
2944,dbbih,false,20/01/5704
2485,hhcad,false,28/09/5949
6743,afhbh,true,21/08/5349
584,biiei,true,16/11/6374
4429,fhdaf,true,06/05/6598
4252,ddhcb,false,14/01/5364
9234,aehca,true,21/02/5762
3919,iehdi,false,06/03/6795
3964,ceebf,false,25/03/6072
5086,aebda,false,14/07/6425
8659,afica,true,18/07/6471
843,cdcdi,false,28/10/5707
7819,ffbhd,true,06/12/6002
9637,aafcf,true,10/02/5580
9944,ebaab,true,19/08/5981
3211,aaeii,true,02/11/5321
9030,abeii,true,19/05/6249
5039,bachh,false,26/09/5286
5442,fffec,false,18/10/6375
4219,chfee,false,27/04/5950
345,ffcif,true,28/11/5933
7007,idcda,true,04/11/5697
3019,bhifa,true,27/11/6301
8030,ciacf,false,01/10/6580
8651,efddd,false,22/01/6330
4666,bieai,false,02/02/5798
7480,ficdi,false,12/08/5774
8432,bibdf,true,17/10/5873
3751,cfced,false,06/04/6840
6960,chbfd,false,12/01/6444
6346,bfbdf,true,30/04/6947
402,hdedh,false,08/11/6297
6761,daeii,false,06/07/5879
172,aebch,false,17/06/6405
4881,aieee,true,10/05/5576
8731,ebaib,false,06/08/6839
6193,hdehh,true,01/11/6025
9455,ibbaf,true,30/02/5669
9638,cihdh,true,09/02/6315
7468,hdiaf,true,31/07/6345
7228,aibbe,true,10/12/6103
7772,fdafe,false,20/03/5988
7019,ibeec,false,17/05/5959
260,ifada,true,23/10/6640
2433,fdibc,false,17/06/5544
256,dfiif,true,05/01/6563
1127,bidch,false,30/05/5843
4235,eebfb,false,19/03/7022
4189,iabhh,true,06/01/5214
5841,didca,false,03/11/5802
131,cabff,false,25/01/6044
5882,ahaai,true,05/06/6218
2123,cebdc,true,15/06/5225
3424,idchb,true,31/09/5838
1921,addfa,false,09/06/5334
436,fefei,true,31/06/6918
8614,ahbhd,false,17/04/6772
2534,edbfi,false,11/12/5995
3018,aecdd,false,03/08/6093
1311,iddif,false,31/12/5330
6815,ciaib,true,28/12/6633
9950,ahacd,false,02/07/5227
6401,ffeie,false,06/11/6711
3576,aehfb,false,25/12/5490
2224,afidc,false,10/03/6549
7711,cfbbb,true,05/06/5663
3090,aeheh,false,19/09/5380
8045,chaia,true,22/08/5594
833,ceici,true,14/11/6978
6427,ehbid,false,21/10/5372
6611,ffdaa,true,14/02/5270
4652,biaia,false,30/02/7106
8956,feabc,true,23/09/6763
6537,hhfdf,false,04/05/5951
8141,iaeha,false,09/06/5621
1577,chiff,false,20/08/6667
7317,fdbcb,true,28/02/5341
7934,bbbch,true,12/10/5586
2229,eeidc,false,28/06/7022
7696,fihbc,false,16/11/7127
5187,eecde,true,13/12/7071
9702,acdcb,true,28/04/7111
6403,haiah,false,30/11/6103
7724,ibihd,true,13/05/5985
2986,ceebe,true,10/09/6076
1727,fehab,true,10/02/6380
725,ifffc,false,08/09/5620
7069,chcae,false,09/08/5382
1594,dbhec,true,19/11/5420
3143,caiae,false,13/06/6577
2671,bidib,false,02/12/6711
8608,dbida,false,05/01/6678
3171,eibaa,true,21/01/5758
8766,baebc,true,03/03/6431
1324,fdead,false,24/10/6973
9737,ecaad,false,25/07/5786
1576,dddhb,false,16/02/6528
2989,idbih,true,16/10/6922
7182,hddfb,false,21/12/6046
4541,idaaa,true,19/10/5937
4399,faafa,false,11/01/6697
196,hacdh,true,11/12/6464
9985,ifaci,false,29/06/6214
8991,aadda,true,28/11/6681
718,ddeeb,false,07/01/5771
8020,dahff,false,13/07/6149
7531,dhhab,true,01/07/6960
2251,fdhfa,false,17/02/6622
778,ebdch,true,22/09/5754
6307,ibcdc,true,23/09/5590
1280,cdihc,false,31/10/6838
4868,eibdd,false,03/12/7072
881,cacca,true,14/10/5807
2593,iebbh,true,13/03/6179
3847,defdc,false,05/11/6301
6982,idbid,false,20/09/5714
303,aeibd,true,16/11/5374
5754,dhcfi,false,04/10/7008
6762,abfdh,false,26/06/6183
1264,hbdch,false,02/01/5450
4110,chhaa,true,27/09/6099
8801,afehi,true,25/06/6407
129,hdbac,true,10/05/7208
2002,bfici,true,24/11/6222
301,cadbe,true,11/09/6211
3350,cefhb,false,31/09/7142
2280,fffid,false,29/10/5352
4525,caaia,true,25/08/6727
9736,fahac,true,24/05/5899
2077,dibii,true,03/05/5471
2443,ibeba,false,12/05/7277
5586,achcc,true,07/05/6823
9098,hhfab,true,15/12/6900
7278,hecef,false,26/05/6436
3819,fhiaf,true,14/01/6350
174,abafb,false,05/02/6007
4969,dfdce,false,20/09/6503
5672,ddadh,false,09/01/6928
7625,cdiee,true,03/11/6249
8551,hiefd,false,22/03/5502
717,aifca,false,14/09/7301
9493,eecbd,false,03/12/5763
7444,bfchd,false,27/03/5760
1882,aabdd,true,18/07/7129
2397,hbaca,false,20/04/6028
6422,iabhc,false,12/02/6785
9214,achda,false,29/09/6644
8570,ebdhd,true,26/01/6546
4851,hbdfd,false,05/05/6628
7869,ebeha,false,28/04/6833
721,dbeee,true,16/05/6298
5342,bhcih,false,10/01/6836
7431,fbiea,false,20/11/6596
2330,dbiff,false,04/07/6525
3377,iebhb,false,22/09/6192
197,fddaf,true,13/01/5979
9064,bbehb,false,25/03/6908
2283,abfcf,false,28/10/5638
5770,ecdea,false,27/03/7132
1462,fieih,true,11/11/5931
9377,cbieb,true,29/08/6154
3526,dcfaf,true,15/01/6949
7025,bdefh,false,28/10/5957
6902,deffh,true,21/03/5579
3607,eihdb,true,24/11/6149
9892,adeah,false,08/08/7021
9666,aifcf,true,30/07/6343
4144,ieefe,true,20/10/6649
1686,eeeie,true,09/08/7175
9243,acbhb,true,16/07/6118
1768,dfcih,true,24/09/6928
1714,fahfc,true,03/01/5930
1421,feceb,true,01/06/6950
549,fihei,true,15/07/5493
8148,ccbda,true,24/08/6160
7245,edbhi,false,02/07/7210
3909,iaeda,true,08/10/5824
5229,chcbh,false,03/09/6199
7320,deied,true,31/06/6934
9999,eecea,true,08/02/6311
7999,ihecd,false,17/04/7256
7417,bdbfe,true,15/08/5471
6903,cefif,true,06/09/5804
2477,decdd,true,04/07/6771
4793,defab,false,06/02/7079
6497,heeai,true,29/11/6187
4324,dfeeh,false,31/04/6376
7360,ebeff,false,22/05/6323
9627,eidff,true,03/08/7302
3034,faacd,true,13/02/7281
1476,icafh,false,01/01/5625
2810,ahdaa,false,16/01/5512
7905,iehci,false,31/02/6521
6816,ffahc,true,10/06/6526
6233,ahaaa,false,12/05/6630
8963,efaic,false,12/11/6240
2616,caeed,false,25/12/6106
5665,dafha,true,08/07/5710
8352,ehhdf,false,13/12/6271
7832,fdich,true,23/03/6783
9884,daica,false,13/05/7310
213,ffcib,false,29/03/5586
7227,aadcf,false,10/10/6339
890,bfabd,true,12/04/5747
5572,fihfi,true,27/03/5764
5536,icaec,false,29/06/6018
8470,hbehf,false,20/12/5867
8846,cbich,false,18/06/7417
272,ihccd,true,22/08/7278
5237,fficf,true,27/10/5828
5924,ieeed,false,09/12/7416
7641,adbec,false,30/05/5976
236,ciiah,true,14/01/5982
9916,fidba,false,02/04/6374
3881,iaihi,true,09/11/7005
9890,ihcba,true,26/11/7142
2227,fhfcd,false,25/10/7390
2319,cbddf,false,03/10/6658
9429,eadbi,false,29/12/7407
7756,ebhha,false,15/05/5650
9633,icfea,false,14/07/7446
1884,idcdb,true,26/09/7058
9337,fbebb,true,04/10/5746
3222,iahhf,true,25/12/6339
6331,aheia,true,16/06/7118
2613,ahbec,true,18/01/6715
9994,cfeeh,false,02/12/7238
2535,ifhce,false,11/06/6938
2075,efcfh,false,17/05/6704
2916,ffebi,false,17/01/5907
5857,efiia,false,06/11/7475
5313,hfeid,false,16/04/7425
9319,baifi,false,22/04/7363
4387,haced,true,27/06/7187
4649,eafcd,false,09/10/5973
8432,iahbf,false,15/09/6361
6664,afeii,true,20/12/7491
8531,cebee,false,29/10/7467
6982,hiiie,false,13/10/6114
840,haibc,false,18/01/6740
5331,ciaca,true,17/03/5728
5260,hafbi,true,22/06/6475
6454,hafic,true,29/12/7115
3038,iidha,true,30/11/6137
4621,eeaei,true,11/07/7081
172,idcdd,false,28/03/7075
790,ffbcd,true,06/04/6985
8454,hicee,false,10/07/7486
193,dcehd,false,03/01/6406
9438,adfdi,false,07/03/6845
8582,adced,false,21/12/6676
3645,dddba,true,20/07/6160
2195,eacff,false,20/10/6023
7744,bfihf,false,04/08/5786
389,hcafi,true,23/03/7422
5231,ccacf,true,29/01/7392
1082,hcebb,false,28/06/7357
2713,aedab,true,26/02/6744
6756,idhdc,true,07/04/6578
2341,iibac,false,30/07/6710
9334,ciddi,false,25/05/6113
739,hbcef,false,25/03/6905
6738,fdabc,true,02/11/6547
3460,bcbdh,true,30/08/6772
334,bbbif,false,16/10/6372
9500,hiabe,true,30/08/6490
5898,iiahh,true,13/11/6696
201,cdebc,false,11/02/5705
7442,idbic,true,27/01/6536
2238,fbied,false,07/02/6813
4822,adcha,true,06/02/6683
5384,dhhda,true,04/04/5733
4575,feaha,false,23/11/5827
4505,cabfi,true,11/04/5851
932,feihe,true,09/04/7313
9293,haiea,true,17/04/6353
2312,iibba,false,16/12/6936
5284,bidbe,true,03/03/6616
6375,fbiab,false,10/01/7192
1302,hdbbh,true,14/09/7158
5816,ifcid,false,23/06/5971
3681,fhdeh,false,18/01/6185
5902,checb,true,09/02/6700
4818,edddd,false,13/05/6058
3228,cdedb,false,19/09/7453
9724,fehff,true,09/11/6794
2286,ciaef,false,07/09/6219
4563,iiibd,true,10/06/7125
7079,ecbdd,false,18/08/6837
6127,ehfii,false,04/03/6716
7982,hiicb,true,19/07/7284
8660,adhci,true,22/12/6220
9021,bdfhi,true,24/10/6738
2010,hfbhb,false,03/09/6827
5127,fehdh,true,09/10/6476
1972,haehf,false,10/04/6086
3058,cbddf,false,30/08/6178
4567,fbdcc,false,14/08/5746
1986,aecci,true,01/11/7409
9947,ecchc,true,22/08/6662
7965,eibad,false,23/07/6949
6795,hbiih,true,03/09/5774
7926,bihdd,false,25/04/7500
5092,hiddh,true,15/09/6119
8830,icebh,true,04/02/6665
3262,becba,true,07/04/6716
5865,ficff,true,19/11/5895
9568,ddebh,true,27/11/7130
1146,bcacc,true,15/12/7290
1165,decdc,true,02/12/6923
9910,fceba,false,22/08/6099
5462,dcfee,false,09/04/7435
6227,hefce,true,06/03/5743
9036,hcifi,false,15/01/6685
4454,bbadh,false,11/10/6818
8523,hbddb,true,31/11/5868
6832,icidc,true,24/03/7509
6637,fcdfc,false,03/09/7281
2481,fdidc,true,04/11/6456
1821,hhihh,false,11/10/6357
2934,bbhbb,true,19/06/7271
7547,caebb,false,26/01/6639
8246,abbbb,false,10/03/5941
9295,ccdib,true,01/02/6905
5250,eicia,false,21/08/6911
2282,dacdb,true,11/08/6844
6859,fbhda,true,31/11/5884
8565,cbifh,false,22/03/6225
5408,cciif,true,12/02/7638
8605,hfibh,false,22/07/6343
9760,adiha,true,17/07/6638
275,fciab,true,24/01/7549
9484,hbcdb,true,23/01/5923
4303,caafi,false,14/01/7449
3350,fcbfh,false,27/10/6088
6438,adiff,false,25/01/7049
5797,cebah,false,03/02/6068
1667,daicd,false,01/08/5888
5396,debbc,false,16/09/6053
5680,ebcfc,true,16/12/7120
8071,dbiee,false,21/03/7198
5282,hfdad,false,17/11/7643
2097,cfifa,true,28/07/7457
2187,eeeef,false,08/07/6366
643,idiie,false,01/03/7656
57,abche,false,01/03/7038
6997,fhaec,false,09/07/7570
7872,acaad,false,13/06/5892
17,acbah,false,04/02/7048
5430,bdfdc,false,11/10/6990
7349,fedcd,true,09/10/6711
5430,hccbd,true,12/09/7454
1631,fahed,false,26/07/6703
2444,hahdi,false,04/12/6613
345,aicef,true,08/03/6118
9871,ccibf,true,07/10/7233
9917,habid,true,14/10/6013
2858,cahad,true,14/08/6384
6053,eeaed,false,09/05/7710
2580,cbcfc,false,17/12/7645
6319,cheaa,true,21/12/6137
624,eccdd,true,01/05/7093
4926,hfacd,true,13/02/6998
4245,fdidc,false,22/09/7239
1500,bhhih,false,09/12/5948
2428,dhhic,false,29/06/6966
7189,fbiih,false,28/12/6005
8692,bhdee,true,24/01/6705
1151,cdhfb,false,26/05/6112
9625,heahc,false,23/07/6951
5462,fbbfc,false,17/09/7415
8112,ifici,false,28/03/6430
5881,abbef,true,16/05/6270
5081,ahdff,true,26/04/6465
1089,ccbcc,true,16/03/7616
6305,adfhc,true,14/06/6087
7370,habeh,false,29/04/6042
9126,cddff,false,17/07/7728
6721,fcaeb,false,25/04/6033
1239,iahih,true,11/05/7448
3799,ihdai,true,15/09/5862
1199,eabia,true,04/08/6822
6462,aifab,false,07/12/5904
8800,edcab,true,08/10/7769
5506,cahed,false,21/10/7206
4313,ecffa,false,11/10/6542
9243,cbiei,true,02/06/6554
5509,ciadh,true,12/02/6401
9434,iafbb,false,27/12/6873
9156,ceffb,false,22/08/6185
4800,iicdi,true,09/09/7149
8289,bdcae,true,29/09/7055
1365,ccbca,true,11/03/6794
82,dafha,false,20/07/7443
8480,iidhd,true,19/10/7394
7490,bhbda,true,18/12/7318
5284,ibdih,true,13/02/7087
1764,aebbe,false,16/02/7772
2396,fbhhh,true,16/03/6431
2470,achfc,true,21/05/7461
795,hdcfh,false,26/11/7427
9608,bbffh,true,25/04/6855
6468,bbicf,false,02/10/7611
6461,chcfd,true,10/02/6559
8743,bbchf,true,23/04/6173
4431,fcbde,false,30/01/6616
3002,bbdch,false,02/06/7734
9141,efdfe,false,01/12/7451
1077,feebi,true,08/03/7150
7804,hecdi,false,18/06/7392
2803,fahhe,true,31/02/7058
7505,idhfh,false,27/02/7231
3880,dhcda,true,02/03/7317
8964,hcech,false,05/07/6836
4253,hdabb,true,09/10/7424
4229,diced,false,17/04/6820
2081,fffbi,true,12/08/7246
2330,biedf,true,15/09/7215
9450,ihabd,true,01/01/7511
2559,cdfca,false,15/01/7654
316,daeah,false,23/04/7004
4248,ehdea,false,08/10/6869
5333,ihidf,true,02/12/6478
6911,ahiif,false,14/05/7308
2908,fhhdi,false,20/06/7004
2925,dbbbf,true,11/10/7372
7748,biehf,false,07/10/7403
8208,ffcbb,true,16/05/5982
9092,cifca,false,15/01/7045
4822,efecc,true,29/11/6192
4708,aefdd,false,31/08/7274
4386,caibe,true,02/11/6634
7177,hbhdb,true,28/09/6121
5250,bbeec,true,23/09/7209
7498,dheec,false,29/12/6202
5280,eeiec,false,19/09/6055
3625,dechh,false,07/12/6655
5722,iecca,true,05/01/6007
3398,caacc,false,22/09/7849
5632,eifib,true,15/02/6520
2871,bhihb,false,05/07/7800
7368,cfabb,true,04/01/7276
5864,ecbed,true,29/07/7255
940,bbcdf,true,09/03/6882
7673,bdfcd,true,05/09/6847
2826,dhhdd,false,22/07/7051
5399,edeei,true,13/08/7020
5927,aadfb,false,05/05/7103
6713,babff,true,20/08/6246
3606,ehidf,true,25/12/7660
9953,hhbaf,false,26/08/6586
846,bafbe,true,30/05/7762
3451,caiac,true,04/09/6204
6898,dabhi,false,27/11/7827
6963,hibhi,false,17/05/7789
5586,bfhbb,false,12/09/7883
4578,fbhhi,false,21/12/6666
9131,hdccb,true,08/08/7708
1251,hicec,false,12/04/6511
1756,effbf,false,25/09/7812
3711,ahbai,false,01/06/6478
7622,cidhf,true,04/04/7382
2159,cceef,false,30/04/6983
5770,fbefe,true,23/03/6788
4575,cdcaf,true,26/09/6127
8829,dieea,true,05/07/6779
9559,efdch,true,23/08/7924
5451,aadhe,true,26/03/6996
5339,ffhah,true,10/05/7879
5800,cdfcd,false,26/11/7230
6227,hhfcd,false,13/06/6028
1953,hhhah,true,21/06/6281
8836,dacde,true,04/09/6077
1908,caaae,true,06/10/6120
4895,hcddb,false,31/10/7893
1427,edbfc,false,19/01/7510
9005,ehebe,false,22/02/7204
80,cbhca,false,23/04/6675
3662,daiec,true,11/02/6251
6465,dhdbd,true,05/11/7207
7044,cfeha,true,28/07/6662
5318,defeb,false,12/08/7033
3584,bfcfd,false,24/03/7657
6442,feceb,true,13/06/7051
9267,abddd,false,06/12/7290
7739,aeieh,true,23/01/7817
6303,icbai,false,31/01/7276
3106,bhfic,false,24/02/7474
6882,ccbca,false,20/11/7025
1201,dhhbc,false,27/03/6951
4197,chaab,true,30/10/7624
1781,iaeaa,true,24/09/7093
5668,hiccf,true,03/01/6693
99,chici,false,03/12/7731
2874,dichf,false,19/08/7550
8850,iicba,true,18/10/6979
5475,babec,true,29/05/7104
1298,fidbc,true,07/09/6634
6718,cedhe,true,08/10/7664
823,ahbci,true,09/01/7124
4707,hbici,true,23/01/7594
4935,iibhi,false,26/05/6113
8517,efhch,true,05/03/6891
9847,bcfde,true,06/11/6978
9945,ecbef,true,14/03/6219
1626,hahfd,false,24/07/7119
8080,hbcdf,true,08/04/6954
4405,dchca,true,05/04/6311
3512,eadic,false,10/06/7401
7733,cddhd,true,29/05/6972
5771,fdbbc,true,15/05/7393
2968,aifff,true,15/05/6980
5116,cibcc,true,01/10/7259
8752,ehddi,true,23/01/7301
840,befab,true,10/10/7416
1765,fdbib,false,01/01/6311
1166,ffdch,true,03/07/7463
2165,bhehe,true,16/07/6595
5759,eabdh,false,07/01/6900
8513,hhdia,true,14/03/7597
5531,deddd,false,18/12/6595
6296,bacbd,true,23/05/6955
2508,hbfhd,false,23/10/6137
8581,hifci,true,27/06/7593
6640,adfdc,true,23/03/7438
3955,hcbff,false,28/05/6534
1147,dfdhf,true,12/11/6488
8902,eecfh,false,13/08/7873
3711,cehid,true,01/04/7839
8822,hffih,false,06/01/7950
372,bifif,false,27/09/7427
784,ddbhf,false,01/03/6672
1037,idffe,false,18/11/7991
2733,aebfi,true,13/05/7399
3130,iehhe,true,29/09/6177
4806,fdaii,false,31/04/6591
4117,ficbc,false,29/11/7772
2591,edaef,false,10/01/8026
1199,hbibc,true,20/03/7157
4070,ffihb,false,05/11/6458
1676,ifaed,true,06/11/7060
124,adfid,true,13/09/7698
2637,ecifd,false,27/08/7525
5347,hdbae,false,22/09/6364
6362,bedfh,true,29/05/7490
6111,cehhf,true,27/11/6471
3461,bihfc,true,03/06/7747
9154,ddcee,true,29/12/7717
4487,ehacb,true,08/03/7089
7000,diiif,true,26/01/7766
9713,ehehh,true,27/10/6341
9882,bedic,false,29/05/7892
1462,ihfhb,true,10/06/7619
4688,bhida,false,23/10/6624
7491,ibcac,false,04/09/6962
8540,eaccf,true,25/03/7138
4656,dhbcf,true,02/11/6518
8091,eedbh,true,07/05/7483
4041,fabhd,false,10/09/7621
7287,idede,true,05/09/7449
6875,aaifd,false,26/02/6724
1098,dbdci,true,02/05/7417
4471,hhaef,true,21/05/7289
6807,abbci,true,10/02/7187
9190,bdcbb,true,28/11/7246
3534,iadie,false,26/04/6702
7797,ehiai,false,18/04/7741
3879,fdabb,true,25/08/6708
8241,feaec,true,02/01/6704
6780,aehif,false,23/04/7682
2469,hieib,false,18/06/7796
3182,ccdab,false,27/11/6269
5273,hfahd,true,29/05/7338
761,iecfe,false,22/06/6802
4420,dbfaf,false,15/09/6680
7676,dfbhe,false,11/09/7934
882,dbfaa,true,09/04/6707
4114,hhidb,false,13/08/7360
6923,ebhdh,true,06/07/6280
1171,fibhh,false,23/04/7920
8342,heiea,false,09/03/6553
2822,deehi,true,03/06/7595
7934,haaad,true,09/07/7929
2644,fhfeh,false,02/04/8009
1462,bhcfe,false,17/04/7771
6597,hbbhf,true,17/01/7754
5567,hefcf,true,27/03/6667
197,cdaid,true,19/05/7226
8244,bfefc,true,24/01/6477
9056,hecfe,false,24/06/7218
1119,cafie,true,09/04/6399
8751,hihdf,false,01/07/6611
9287,cfbai,false,23/08/6565
6231,fbhbe,true,07/06/7089
3428,hihdc,true,18/03/7325
7315,ahfhh,false,23/08/6306
719,ebica,true,02/03/7602
510,ffide,false,04/10/6916
2734,chadi,true,03/03/8042
1166,hiehi,false,23/05/7067
2114,dfhbd,true,27/11/6811
6437,ebedd,true,05/03/7365
6047,aeiib,true,26/02/7865
2293,haeha,true,09/06/7030
4562,ciafe,false,27/02/7822
7500,dffdd,true,29/06/6644
1417,ehccc,true,03/05/6894
1098,adihh,true,22/09/7082
6539,chiii,true,12/12/8085
9777,fcidi,false,30/10/7613
4899,idhbd,false,13/08/6634
9251,hedfi,false,08/09/7142
2108,hfdaa,true,25/12/6323
6832,ddbfb,false,31/03/7161
281,idcea,true,03/09/7421
1366,ceede,false,30/09/7199
7428,ahddi,true,07/09/8124
4749,bbfdi,false,11/06/7736
7074,ffdca,true,25/09/8120
5391,bihid,true,20/01/6638
7157,fdfee,true,12/02/7628
3773,haheb,true,19/10/7993
6134,aibed,true,17/06/6877
5673,ibeae,false,28/06/6734
892,bdhdi,false,02/06/7043
7470,dihai,false,09/06/6815
5042,fdddh,true,16/06/7998
1160,ffafi,true,06/06/7875
2589,aeded,false,03/01/8270
4294,biedh,true,21/10/7312
5239,efdec,true,06/06/7133
6955,eibbf,true,21/01/6734
4464,iaaff,true,06/12/6637
9155,cahhf,false,28/03/7831
6525,hdhdb,false,29/03/7870
9639,ihcfe,true,22/02/7525
8440,bdbbb,false,05/06/7975
860,hcaif,true,11/12/6827
9450,bdeci,true,05/08/6834
8478,hafda,false,11/11/6630
9353,hchce,true,18/05/7319
6852,dhbdf,false,16/03/6965
2584,icbif,false,08/06/8076
5630,bdceh,false,21/09/6454
3575,ibada,true,13/12/7576
9130,iefaa,false,21/10/6779
3880,hbhdf,true,03/10/6626
4240,abfde,true,21/04/6702
1111,hecbh,true,11/04/7075
7734,affbc,false,20/01/7807
3074,fbhch,true,18/02/6730
6948,ecbaa,true,07/12/7024
3177,hebhd,false,07/11/6974
6432,ccfbb,true,20/02/7608
4069,fdhch,true,17/03/7759
2929,afeda,true,05/01/6856
7936,edhhb,true,05/11/8179
4615,edbbb,false,05/11/7517
6208,chbih,false,06/08/7567
1633,fhfed,false,08/10/6933
6539,heied,true,02/02/7808
8230,iihfe,true,03/08/7016
3907,adhde,true,11/07/6742
4770,cebai,true,03/12/8313
6373,fccbf,false,13/06/7032
4832,aaafc,false,23/04/6616
8092,ihhcf,true,17/08/7647
9803,bacbh,true,09/05/6482
996,fbcdf,false,10/05/7118
6983,abica,true,28/10/7696
4018,hhife,false,14/07/8032
8108,dhchi,false,16/08/6519
311,iefda,false,30/06/6692
2440,bffic,false,04/12/7979
3650,habhi,false,19/03/6929
2139,bhbdh,true,10/06/7351
348,edhfb,true,07/01/7201
6184,bcbcc,true,13/02/8352
7488,ceead,false,19/07/7717
8879,cfied,false,15/08/6616
6513,fiaed,true,14/08/6539
9991,iceic,true,31/12/7296
3527,ddbbb,true,25/04/8077
3572,hbifb,false,07/12/7669
5414,bcbfc,false,25/04/8358
4258,dbdfb,true,18/08/7551
8812,faieh,false,21/11/7947
9534,becdi,true,30/08/7099
2165,eaidd,false,04/12/7565
1173,hcacb,false,01/06/7734
7652,cbiad,false,26/07/6518
2136,dbbfb,true,23/06/6768
1148,cccba,true,19/12/6561
6990,chbcc,false,28/07/6922
969,ddfed,false,28/06/7686
5283,ihfcd,true,09/03/6925
4657,edcif,true,15/09/7342
3432,hhaab,false,06/04/8117
9488,icecf,true,01/09/7536
2356,eiffe,false,17/02/7787
4923,faacb,true,05/12/7363
6227,hefcd,false,21/05/6879
8308,bdbfb,false,27/08/7983
4419,edcib,true,12/08/8026
6831,hbdcf,true,01/02/7806
357,idibf,false,07/02/6865
6073,feida,true,30/07/6800
45,aihhf,true,23/04/7461
1415,feidb,true,23/04/8328
7774,dfbbi,false,19/04/7896
8981,didhb,true,10/11/6729
9094,ediaa,false,25/05/7680
3818,ehdcf,false,23/09/7436
4371,bchbi,false,15/01/7717
8218,cfebi,true,15/03/7676
6440,febie,true,17/02/7852
7439,hiccc,true,08/08/7951
611,ahdba,false,26/08/7240
3237,idhfc,true,20/09/8018
2996,fhdaa,false,02/10/7371
8174,fbbde,false,22/08/8376
1328,fdiib,false,29/11/6973
5399,icaae,true,24/08/7166
2340,hcfhe,false,01/08/7596
7535,debbf,false,27/07/6684
3291,ieeci,false,09/12/7703
6420,cedeh,false,13/11/8396
9540,efbab,true,12/06/7907
6744,eiead,true,04/09/6558
2430,hdieb,true,24/01/7296
4342,biaed,true,03/04/6633
1002,cifeh,false,06/09/6944
2091,diaia,false,14/12/6634
3619,abdhf,false,31/01/8021
9243,hdcce,false,06/05/7899
1969,ihfib,true,30/01/7193
4036,dbcab,false,28/08/6645
7403,hhhid,true,01/05/7693
3359,cebii,true,01/12/8345
8142,dcded,true,29/11/7502
5885,haaac,true,07/02/7706
5775,ccach,true,07/01/7050
3839,ieeeh,false,29/10/7065
8478,ddeia,false,12/04/7014
2811,bicce,true,22/04/8055
3216,cechc,false,09/02/7899
3120,edhda,false,31/09/7067
8832,hfdbc,false,28/03/7867
1153,abdff,false,06/03/7685
1633,idiie,false,20/09/7480
8987,icaff,true,07/12/6744
5870,aidic,false,26/01/7518
2140,cbdea,true,13/09/7247
7351,hcicf,true,22/06/7859
9694,ddiie,true,04/11/7885
7078,fhiaf,false,20/01/7797
1970,cddda,false,06/04/7182
806,cdeeb,false,31/01/7121
3083,ddfbb,true,03/05/8410
9891,fedae,false,30/10/8003
9789,cdeac,true,04/03/7698
8694,bdhch,true,31/03/7907
9284,fhbah,false,26/01/7441
7719,caeec,false,30/09/8056
9210,ifffb,true,03/05/8316
1685,ccceb,false,02/06/8378
4668,abccc,true,01/08/6724
398,cbeda,true,28/10/6885
7323,aifii,false,14/01/7860
7922,eibai,true,12/07/7304
85,ffcif,true,17/03/8501
378,befch,true,18/05/7642
8650,hahhi,false,23/04/8206
5249,iceid,true,29/08/6955
6449,afidh,false,23/01/7831
8291,eiehi,false,21/12/7699
4495,becce,true,06/01/7854
3544,hdabe,true,05/09/7008
4937,acfac,false,17/05/7649
6037,icchc,true,08/08/8052
5827,fhhcc,false,26/12/8280
5412,aadbb,true,20/11/8319
3437,baibf,false,10/01/6713
1654,cabed,true,31/08/7578
3852,aacdi,true,16/09/8291
6553,ceheb,true,24/06/6785
1480,fifda,false,17/12/7647
724,afebf,false,06/03/7504
1446,ffabf,true,13/02/7869
3654,afeda,false,03/06/7027
9089,daieh,true,19/03/7176
5344,hhfhc,false,26/01/8445
7865,ccibh,true,22/06/6761
5937,ehbai,false,08/04/6789
9233,ifaef,false,15/12/7802
9980,aaeea,true,08/04/8002
2724,eedei,false,12/12/6812
8570,aaeei,true,25/08/7962
7107,fhfdc,true,17/10/8124
9320,eecei,false,07/05/7212
7050,adafa,true,02/04/7732
4605,hahae,true,16/11/7863
4036,hdece,false,01/02/6803
8549,hdhbf,true,30/07/8090
5997,haibd,false,13/09/7837
5525,cebfe,false,08/12/7240
2367,iacha,false,08/07/8327
7859,cedff,false,27/06/8302
67,fiiif,false,09/11/7108
2222,dceae,true,03/11/8608
5804,dhida,false,12/10/6810
8599,abbee,false,12/11/7776
1062,fefdc,true,23/06/7796
3785,ehhff,true,24/02/8234
662,bffdd,true,14/09/7411
2819,iheaf,true,09/09/7410
386,dfbee,true,03/06/6858
6931,aibfb,true,22/01/7719
9091,fcbfh,true,25/05/7290
1106,adeid,true,26/04/8028
6020,iafhb,true,27/09/7900
2140,iaidi,false,17/07/7771
1917,bichd,false,23/03/7099
5761,aacdd,false,05/04/8567
5606,chhfe,false,17/05/8517
3127,beada,true,15/12/7816
2481,ebbhf,true,24/12/7286
2679,aiabb,false,23/06/8401
329,ihdii,false,21/12/7341
1884,ahbhc,false,05/07/8473
2186,bdbhc,false,04/08/8003
4260,dfeab,true,25/04/7461
8078,habdd,false,06/04/7348
8474,iddei,true,09/04/7705
2684,cbhic,false,15/02/6881
6323,aecfb,false,19/03/8523
3264,aheai,false,27/12/8389
8303,bdcfh,true,21/04/8570
2985,decib,true,11/09/7673
3335,aihdd,true,12/05/7034
4967,dihhc,false,07/07/7762
3546,dfhhd,false,07/10/7073
5139,ebefh,true,07/07/8628
7242,fihde,false,21/10/7846
429,bhfch,false,25/11/8464
3967,ccfdf,false,18/11/7522
4530,bedcc,true,30/11/8527
7765,fedci,true,13/01/7526
1524,efead,false,03/07/7087
5020,hbbfa,true,24/12/6992
9751,fidcd,true,25/07/7077
8225,hdeif,false,15/08/7198
595,chicf,false,01/06/8504
4554,hfhbd,true,18/08/8047
65,dacah,true,16/10/8461
7167,hedea,false,02/01/7731
8647,bbfee,true,31/07/7568
787,adcbe,false,03/06/7130
8645,febeh,true,09/06/7888
204,daebd,true,08/01/8479
2618,abdae,false,29/12/8551
7009,diade,false,19/10/7200
5806,affef,true,02/06/8709
5531,eebie,false,31/07/8623
8692,iiehe,false,09/01/8135
3340,bfcai,true,13/03/8539
5101,cihdb,false,18/05/7199
8682,bbeca,false,21/10/6819
4222,deidh,false,14/02/8455
9695,ffafb,false,13/08/7534
3295,ieifb,true,25/03/7749
3725,fbdia,false,02/07/8077
9512,cided,true,06/07/8708
3178,ehcbb,false,05/09/8041
5202,fiedb,true,27/06/8627
3408,bebbi,false,19/11/8441
6384,fdced,true,20/01/7480
3118,hcfdd,false,23/08/8355
7706,hieha,true,11/01/7559
1018,ifihh,true,26/06/8186
8239,ibfca,true,04/11/8138
2203,ceeia,false,09/03/8406
5634,idebb,true,26/02/8356
6032,bcehi,true,17/01/7202
5341,fifbd,false,11/10/7033
9579,iaidc,true,13/10/7257
2181,fbbad,true,12/07/7574
3691,fdfde,true,31/12/7421
1818,ieecc,true,18/06/8208
1244,eccif,false,15/08/7393
8644,ahbff,true,27/06/8211
742,eihce,false,17/05/7281
3998,acdcc,true,25/05/8235
1771,ifbeb,true,04/06/7056
4826,bbdih,true,06/06/8764
4300,hihed,true,19/09/6882
9208,ihbdc,true,26/05/8390
8430,aidaa,false,28/11/7768
4683,bchad,false,24/07/8044
1302,ddahe,true,06/05/8545
9886,ddbeb,true,09/11/8330
4054,bbidb,true,18/05/7336
6031,ddbcf,false,10/04/7559
3462,bbebc,false,08/12/7058
8995,dfbfh,false,31/10/7890
4420,ffccf,false,23/08/8433
8303,iafea,false,09/09/7359
8466,dbdbe,false,10/10/7736
6834,abhfi,false,15/02/7896
5285,eefdh,true,18/05/8781
7773,bfiha,false,07/05/8089
6517,eidei,false,03/10/8259
6606,aacbb,true,13/08/7887
2152,eehaa,false,03/07/7801
7358,ceidb,false,23/10/7078
7171,aidac,true,09/06/6960
7084,fabea,true,11/09/7893
9138,eeebb,true,04/05/8755
602,efeei,true,14/06/7627
8178,hiahf,false,07/02/7641
7679,ehddi,true,06/08/7504
7968,bhbdb,false,29/04/7728
5654,fdifa,true,22/07/8334
5767,ciifd,true,14/07/7669
1993,ihiha,true,11/05/8566
2320,bhehd,false,10/06/7158
3685,hcbdh,false,17/02/8246
8823,deeid,true,28/07/7736
5131,ibcbe,false,13/05/7682
6283,eihdd,true,12/09/8027
6481,ifaii,false,04/11/8297
6994,fchea,true,19/11/7565
9393,bcffe,true,06/12/8515
1627,fbada,true,06/07/7239
5014,cibah,true,10/09/7597
2431,fhcfi,false,13/02/7803
4692,biaad,true,10/12/7826
105,hdaei,true,18/02/7653
4704,ciccf,true,06/04/7588
4328,ddeei,true,24/05/8753
6444,eaiaf,true,16/06/8790
8067,iibia,false,23/04/7824
7542,bcedf,false,29/07/7195
1951,ffahb,true,14/06/8744
5934,ihbca,false,16/08/7144
4946,beead,false,20/08/8368
9753,cfiid,false,19/02/8867
4063,eabei,false,18/05/7823
190,fidbc,true,23/12/7674
5975,hdhcb,true,25/11/8214
5401,afbdh,false,06/12/8897
3418,bhfaa,false,28/08/8667
2049,dfefd,false,14/06/7265
3673,faach,true,05/06/7454
9357,bcdfi,false,26/01/7356
7911,hhaic,false,02/04/7447
3145,chhcd,true,01/01/7357
2178,aahhf,true,02/01/8303
8162,fdhec,true,12/11/7714
8744,bfied,false,29/02/8864
3174,bhdde,false,13/08/8301
7229,ihced,true,30/02/7341
5124,dahaf,true,05/06/7117
107,acifc,false,12/08/7654
2885,caedb,true,18/11/8092
3532,chcia,true,02/08/8129
1232,cfhhe,true,12/09/7464
4809,dibhd,true,17/12/7298
6989,heiah,false,11/10/7331
697,cccie,true,31/11/7895
2205,ifcca,false,07/02/7472
7358,ahdea,false,04/01/7257
8469,fbhdc,true,13/12/7242
3069,hehei,false,25/04/8763
5375,ifeid,true,22/11/7757
6293,fiiad,false,27/04/7498
1259,hbhaf,false,25/10/7644
2654,heiff,true,10/12/7616
773,ccdie,false,11/04/8216
2888,badci,false,06/09/7138
9441,fddfh,false,31/02/8063
5441,deidc,true,13/05/8009
2392,aeadc,true,30/06/8737
9693,deeef,false,03/11/8838
8234,effed,true,23/01/8444
1500,eafac,true,26/10/7927
8496,efcic,false,17/10/8879
252,fhhii,true,12/09/8672
4119,adecb,false,10/03/7356
7946,beidc,true,22/06/8529
7346,hidhc,true,18/12/7481
4762,cbefi,true,17/01/8193
7139,dadbe,false,12/03/7819
7744,iddhe,true,12/02/7348
8737,bchcb,true,10/04/8347
6504,ddeei,false,07/06/7702
7900,addhd,true,17/03/8784
4498,bhiae,true,23/04/7840
7111,deaca,true,27/10/7831
5162,ffaed,true,05/11/7954
8210,edeaa,true,03/09/7271
5634,ifiaf,true,02/12/8773
9921,bcdad,true,06/01/7582
9567,eehha,true,15/06/8129
9175,decie,false,20/06/8386
2938,deibf,true,02/08/7836
8888,hiccd,false,15/10/8153
1268,fehbb,false,14/10/7775
5879,hedif,true,16/10/7243
9971,biahf,false,01/05/8433
1133,ecdic,false,15/10/8962
7511,ccfhc,true,08/10/8025
1697,bdfai,false,06/07/7993
4449,bebai,false,16/08/8450
3726,cdeei,true,14/05/7362
8798,iaaab,false,29/01/8542
7751,efbhc,true,31/10/8477
4575,hhaba,false,06/11/8146
7185,chchi,false,18/06/8031
8411,ifdbi,true,11/10/9001
6737,bbfcb,true,15/06/8844
7642,ibicc,false,12/10/8264
1460,faafh,true,04/08/7409
7300,aebcc,false,02/05/8507
3003,bbfde,true,10/03/8131
511,fiiba,true,07/06/8995
5678,dcieb,true,16/07/8073
1040,hadcd,false,09/01/7388
1876,iabai,true,13/09/7561
69,ceihi,false,28/06/7570
3564,befdc,false,30/02/8404
6467,heafh,false,02/10/7202
240,bbbaf,false,21/05/8986
5960,bfbif,false,23/02/7848
9629,dibee,false,07/06/8951
8160,bciac,true,24/12/7393
1775,hheeh,false,28/02/7407
1332,baade,true,30/10/8503
7276,icbcf,false,26/01/7627
8077,eeada,true,10/01/7397
9486,ficbh,true,01/05/7219
6813,biiei,true,13/06/8669
9407,edhhf,true,30/07/8245
7296,fdbai,false,28/05/7304
6627,fchid,true,13/08/8666
3722,bhiah,false,10/11/8301
8117,fdhie,false,12/07/7764
4065,abaec,true,20/06/7884
9162,aciff,true,23/10/7210
8398,cdffa,true,11/08/8594
9129,hcibd,true,14/11/8126
6838,ciiea,true,13/07/7625
6325,cefaf,false,15/03/8015
5965,fbaed,false,30/01/7403
4263,eeihb,false,08/08/8423
2327,ffffc,true,02/02/7686
8701,iiedh,false,13/09/8607
106,aehbe,false,12/12/7691
6864,eddda,true,14/08/7419
8875,fafdc,false,10/10/8838
4087,bhebh,true,07/12/7669
2327,cfche,true,10/04/7848
6061,ffbed,true,09/07/8196
944,cfdif,false,28/09/8885
7938,hdacf,true,27/09/7345
8500,ifaaa,true,28/06/7960
7966,chehb,false,04/02/8694
9773,ebibb,false,18/11/9100
6031,iaeii,true,02/05/8926
2793,bfffh,true,09/04/7685
4847,ehbde,false,18/04/8205
21,dbdae,true,11/12/9094
8745,ebcdd,false,21/01/8683
2441,ccedc,true,14/07/8825
7428,aicii,true,26/04/8150
9162,difda,true,06/02/9004
5903,dbidb,true,22/09/9116
8614,fehfe,true,31/09/7348
1340,hebff,false,02/11/8173
3576,dhaee,false,23/05/7472
5272,iceid,true,19/07/7374
2812,chhib,true,25/06/7422
3906,hffab,false,02/01/8336
2761,ffbad,false,21/08/8320
285,bdihb,false,16/06/8205
5593,hhcee,true,17/11/8719
2374,aadia,true,14/08/9127
9046,iifia,true,25/03/8915
9140,aaehf,false,27/11/8009
5517,hfide,false,31/05/8957
2884,bhdai,true,21/03/7891
9070,ifeei,true,23/07/7519
3366,cafbf,false,12/02/7733
8,haehd,true,27/10/8463
7146,ceicc,true,30/08/8863
7477,hhbae,false,15/08/8112
3776,aeiia,true,22/05/8992
3046,ddchd,true,08/10/7356
7751,iefce,true,16/07/8699
267,fefba,false,07/12/7992
7873,bfibf,true,26/08/8976
821,iebaa,true,05/06/8657
2522,fifhc,true,15/11/7311
4681,fhffh,true,04/10/8608
317,abdcc,true,13/08/7650
1031,caiei,true,06/01/7785
2146,dhhfb,false,31/11/7684
7636,deiec,false,05/01/7711
1834,aifda,true,14/11/7972
3401,ibfec,true,29/01/9036
9153,cbhci,false,13/08/8594
9294,fdiac,true,25/05/9005
4630,cehfb,true,20/08/8015
4080,dbfhe,true,27/03/7723
3812,aeefc,false,23/11/8999
3840,afffi,false,11/09/7973
9854,eibeh,true,08/08/9185
4667,bcbec,true,19/05/7553
9247,deibf,true,05/10/7371
6283,cacef,true,25/06/8502
8604,hafah,false,04/07/9180
2810,dccei,true,02/06/8106
771,ehfbd,true,20/05/8737
2561,ccicb,false,09/09/8487
5368,cecei,false,31/01/8930
9505,edihb,true,09/11/7682
453,hfhaf,false,29/10/7548
5723,iddef,false,04/12/8603
8600,iidif,true,26/10/8276
6554,ceibf,true,08/12/7837
7418,hiaef,false,22/05/8680
5132,iibfe,true,17/08/8480
5001,iiefi,false,11/07/7513
8051,dabhb,false,19/04/7818
9049,dcacc,true,24/04/7640
2808,iaidb,true,04/12/7735
113,cebde,true,24/11/7964
8147,iaafi,true,21/11/8679
7560,ihdah,false,23/01/7779
2526,fdeed,true,11/06/7727
3661,ecahi,false,18/03/8380
2146,ihaba,true,06/08/7541
147,bfeii,false,25/10/8996
6888,fffed,true,18/02/8245
2734,ichef,true,09/11/8169
3266,iffif,true,20/05/7437
2706,ccbff,false,07/04/7583
8005,eehdi,true,19/10/8553
8837,adeea,false,18/04/8908
6726,cccec,true,05/04/9049
484,hefdc,true,09/12/8213
8172,eadie,false,04/08/8787
381,aibcc,true,28/04/7597
485,chbcf,false,08/03/8534
9471,iecih,true,02/08/7714
1719,cbbdh,true,24/10/7413
3765,efcbd,true,18/12/8828
1633,fhcib,false,03/04/7990
1849,habhi,false,19/08/8307
8478,eaiad,false,16/11/9188
5926,eifdb,true,04/01/9224
5708,bdech,false,06/06/9047
7617,heibd,true,08/07/8222
6632,chddi,false,26/07/7583
5139,fbehf,false,27/03/8395
5584,fhcbb,false,31/05/8029
5894,iebch,false,10/09/8269
6910,habde,true,22/11/8827
7217,cheib,true,06/08/9109
6975,dhffc,false,23/04/8168
396,afdic,true,09/06/7970
3286,cifih,false,31/10/8964
404,accdh,false,03/08/8641
6511,dfafe,false,31/01/8898
3940,bbffb,false,04/01/7932
2739,ifefd,false,29/07/9177
3364,aihfi,true,20/02/7676
6,cihfc,true,11/03/8864
5584,iihhd,true,10/04/8226
7349,bfhci,false,14/05/7485
3018,aihad,false,12/01/9015
5341,haeeb,true,24/10/7728
7023,iceha,true,31/01/7503
8662,aaefa,true,06/10/8555
2801,cicii,false,25/07/8144
6870,cidcb,true,28/07/8168
9785,eidab,false,16/02/8576
3451,heiac,false,15/07/8845
8393,icfib,false,15/06/8472
941,dhddb,false,05/06/7824
426,ehefb,false,22/03/9366
6234,bbabi,true,21/02/8965
3736,iibdc,false,27/08/7697
2451,fccif,true,12/09/8363
5839,dhhec,true,09/01/8906
953,eachi,true,05/09/8496
3340,cffif,true,09/10/9089
2574,caehd,true,22/01/8821
1350,idihd,true,09/02/8847
2560,bcchi,false,29/04/9149
552,ccdbe,true,17/11/7972
661,iifch,false,26/02/7510
8365,aicef,true,08/10/8366
8034,eccfi,true,16/04/8208
8402,bchea,false,31/02/9072
3633,fhifa,false,13/02/8229
2766,hdaef,true,11/02/8051
6410,dahfh,false,12/06/8081
7009,hceca,false,06/10/7742
4937,cfadd,true,22/03/8321
2004,dbiaa,false,16/01/9121
6081,heibb,true,25/10/9001
3439,ahedb,true,29/07/7891
1667,ieeaf,true,25/10/9244
4572,fcaee,false,17/11/9183
6009,bibea,true,16/08/9398
3760,hbiaf,true,23/04/9016
6603,bfeie,false,28/07/8643
6797,cbcfh,true,14/09/8928
7168,eaeef,true,22/12/7837
9791,aaddh,true,10/08/8182
2018,hface,false,18/01/8690
3150,bbdae,false,06/02/8302
5194,hfaed,false,28/06/8357
2868,dhiaa,true,09/11/8091
8576,edafh,true,10/09/7568
4487,fcaef,true,07/12/8105
4572,hbhbb,true,09/02/8879
4138,hdhac,false,14/12/8720
1116,idaai,false,04/02/8740
3097,ccada,true,30/10/8653
9467,cfhcc,true,26/02/7891
8290,ddedf,false,19/11/9154
9559,facbi,true,30/04/7924
5111,fbdhi,false,19/05/8092
8328,aicaf,false,21/08/8323
9460,hbcda,true,10/12/8426
7763,dfdch,false,24/03/7954
5132,ifdie,true,22/01/9086
1807,bfabb,true,24/02/9465
9902,dcchh,true,24/08/8453
501,dibcf,true,22/02/7902
4077,eiccd,true,19/02/7638
3988,dcccf,false,12/03/9220
7520,bfcca,false,22/09/8258
5200,hccce,true,12/04/9181
1373,cihid,true,24/08/8132
4156,ehaie,false,13/06/7850
2554,iaice,true,27/10/8059
8868,befch,false,12/01/8919
6770,efifd,false,05/03/9424
7257,habab,true,14/11/8237
1276,aeiih,true,06/07/8154
1010,eadif,true,06/11/7915
2698,febcf,false,12/02/7993
9773,hibcd,false,22/04/8343
321,fibic,true,08/09/8190
5864,ehdff,false,19/08/7957
4473,hdihd,true,02/11/9159
156,bffid,false,01/12/8857
2357,bidab,false,26/11/8084
3665,fbbcf,false,17/11/7626
2052,eidhe,false,22/01/8207
2306,bebbi,true,19/06/9212
9343,difcb,false,27/06/9462
440,ebcid,false,07/09/7842
9447,ibacd,true,05/04/7666
1824,daddd,false,07/12/9409
4521,edefc,true,27/07/9054
5602,cfdci,true,19/02/7939
6517,eiihh,true,24/05/7747
3188,iicec,true,31/09/9315
6226,daacb,false,08/01/7621
2712,hhbhb,false,03/01/8988
3521,dehbd,false,10/04/8850
4330,eaafi,true,26/09/8280
7786,bfdea,false,19/07/9280
3816,iedfe,false,30/01/7966
3148,bddhb,true,29/07/8968
1233,hhehi,true,25/02/8438
6373,fefai,false,27/12/8083
9324,iiccf,true,15/06/9420
3227,ahhea,true,06/05/8682
998,bhcab,true,28/01/8524
68,fbefa,true,20/11/7808
7594,afaaf,false,24/10/8512
6345,affeb,true,29/01/7795
4389,dfafc,true,05/03/8941
9912,acbdi,false,07/10/8756
9458,cechc,false,28/04/8363
3919,abdhe,false,10/12/9370
9655,biiid,false,16/05/8096
2721,ibhad,false,20/09/8682
1525,decaf,false,01/10/7749
8185,heibh,false,31/09/9043
4285,aebhc,true,29/07/7895
9155,ahhfi,false,15/08/8811
4051,fheee,false,16/05/9261
9387,ciiac,false,23/12/8992
7074,bfhie,false,24/04/8320
336,eedhb,true,21/09/7824
2304,ahedf,false,28/08/8521
7476,biccd,false,23/03/9396
8279,chieh,false,05/12/8811
771,fiaec,true,13/04/8774
181,ihdhi,true,12/01/8523
8183,ahdeh,false,26/05/8786
8244,dafee,false,09/12/8173
7044,bcfac,true,21/08/8052
6156,cdade,true,01/12/9513
4807,facfi,false,10/06/9062
4433,dcdif,false,27/12/8573
1183,iibcb,true,19/08/9551
9850,ecdid,false,02/03/7979
3742,fcabh,false,15/09/9532
7682,ebace,true,20/08/7901
4675,fechi,true,26/05/9123
6866,fheac,true,30/04/9465
4176,adcic,true,12/02/7986
3955,hhehd,false,06/10/8459
9167,bahed,false,06/11/8879
5726,hfdbe,true,17/02/7740
9722,hfeah,false,05/03/7874
6820,hbhaf,true,28/10/9539
6571,hiifh,false,18/01/8442
297,bfibi,false,07/11/8148
2426,ieabe,false,23/01/8720
2940,dhfbi,true,02/07/8488
8848,aaabh,true,01/12/8592
5775,aecah,true,12/01/9186
366,ecech,true,01/06/8048
6294,ehibf,true,26/03/7954
4971,iebaa,true,24/09/9216
4589,ciihf,false,28/10/8350
3809,eciii,false,08/08/8003
9451,iccib,true,26/04/9199
2562,ahidi,false,05/09/8247
9578,dbied,true,16/02/7808
6458,didhi,true,20/02/9623
9626,idfbd,true,26/07/9384
571,ahhie,false,29/08/7878
3904,cbadh,false,14/10/7787
5794,dcaae,true,06/04/8662
6266,afdhi,false,26/12/8803
8052,dhaii,true,11/01/9644
9451,haadf,true,24/03/8673
8982,ddaab,true,16/08/8432
2920,chicb,false,30/04/9342
1396,ddhaf,true,01/11/9084
3024,fbfbh,false,20/08/8774
9498,fihbc,true,09/11/8198
5986,dbfif,true,24/01/8173
1948,ddebh,true,31/09/9375
716,hicbd,false,03/05/8149
6977,bhadh,false,08/02/7972
2150,faffb,true,31/12/8395
5107,iciib,true,08/07/9101
1001,chhic,false,23/09/8679
2404,ccieh,true,27/10/9241
4824,bhbhf,true,29/07/9636
5645,ddffi,false,02/10/8442
855,fiaef,false,01/06/8694
2624,hfaed,false,21/01/9390
2601,hichf,true,16/10/8140
8631,aadaa,false,26/02/8923
8110,fhfaf,true,28/12/7910
6698,cfdaa,true,04/08/9584
5763,eefcb,true,28/05/8662
8215,ebcif,false,30/05/8688
6088,hdicd,true,31/06/9100
1166,ebdda,false,27/11/8566
5006,hceii,false,17/04/7999
2697,bidhf,false,24/08/9519
5059,bdhef,true,28/07/9170
4253,eaaci,true,15/03/9589
9124,hffhb,true,18/10/9560
5881,ccifb,false,15/09/8879
6764,fbbfd,false,16/06/9650
6132,afaaf,true,16/09/9524
7041,fccid,true,25/11/9311
7651,effid,false,09/04/9422
5188,ieeii,false,20/11/7863
731,ihhda,true,04/01/8221
2099,bihhc,true,31/04/7929
3891,fdedc,false,17/10/8630
2140,aafac,true,14/09/9487
8718,hafhb,false,08/02/7934
1685,cfeef,false,29/08/8730
3369,eiiff,false,26/04/9713
3761,fddae,false,02/05/8883
4049,hdddf,false,27/05/8849
541,haifb,false,01/09/8134
7661,dbfcc,true,09/06/8537
8941,cdbfa,true,20/06/9239
6156,efhcb,true,05/07/8039
6652,dabff,false,07/09/9212
5293,dbach,true,30/01/7912
7456,ibddd,true,09/09/8566
757,aachi,false,21/10/8159
4969,feaii,true,09/02/8405
5228,baeff,false,29/09/9038
8177,bbfbf,false,17/09/8950
5986,cehdh,false,08/01/8397
2560,dadab,true,19/02/8366
7661,ebdhb,true,10/05/9462
355,fdeaa,false,02/02/9784
287,ibcie,true,15/07/8522
2737,hciaf,false,03/02/9090
4016,bidia,true,04/01/8384
442,bbade,true,08/07/9607
9818,iifbe,true,29/02/9790
9040,beiee,false,18/01/9290
6416,heiaf,true,13/02/8442
9133,heech,true,20/11/8888
2150,ceeac,true,31/02/8763
612,ficdc,true,11/10/8852
2495,caebi,true,12/06/9261
4478,cbhfe,false,23/12/8772
4824,bdbbf,false,18/10/9481
9297,behdb,true,09/01/8275
477,dhbcc,false,03/09/8248
2652,iifbd,false,24/09/7936
3980,deeaa,true,01/02/8709
9179,iefhb,false,09/06/7989
3621,bedca,false,25/02/8237
7806,dbfde,false,16/08/8765
618,fbahh,true,17/01/8993
7290,abhhb,true,15/11/8407
2751,dcefa,true,30/07/8108
910,cchii,true,20/12/8699
7727,dbddc,false,02/06/8942
272,ibcbe,false,09/02/8421
1642,edeea,false,26/04/9387
7815,cbech,false,27/02/9047
5111,cbfec,false,22/08/8669
3849,hbcee,true,08/05/9773
5543,dcaie,true,29/03/9538
6401,iiieb,true,22/04/9789
4428,dfafd,true,09/03/7947
9415,fhfah,false,25/07/8115
3861,ehaie,false,14/01/9733
1517,hdicd,false,30/11/8348
3042,bhadf,false,01/03/8744
1379,cbaaa,true,08/05/8723
7858,bdfae,true,20/12/9700
949,afcdb,true,09/05/9641
1616,icbab,true,16/10/9826
5336,fdeih,true,25/02/8582
9373,ffede,true,05/04/9152
4836,fheei,true,25/03/9535
1989,hfifa,false,05/04/8890
4903,dhahf,true,16/01/8669
4688,haibf,true,07/07/8552
4166,adbia,false,10/03/9836
8151,ahhbb,true,24/03/9116
8611,hdhfe,true,28/11/8917
2672,adahf,false,01/11/9799
9780,cbeea,false,06/07/9297
1212,fibcd,false,27/05/8357
3971,hdehc,false,09/11/8562
5475,cadbd,false,31/05/8955
6395,ahchf,false,30/03/8879
340,bhbba,false,17/07/8359
8467,ciedd,true,14/01/9424
5456,fdihe,true,07/01/8916
8956,bddcf,true,09/09/8115
6133,dadbe,false,13/11/8589
3163,ccfib,false,12/07/9129
7992,hheib,true,01/03/9626
8745,faiff,false,05/06/8945
6745,bccec,true,26/04/8677
1490,cfibb,false,23/02/9722
3585,hcdfe,true,18/10/8468
4692,cedid,false,22/03/9318
8555,edifc,true,11/02/8015
4582,iebhd,true,21/06/9033
9836,fbbcf,true,30/11/8462
9432,dchcc,false,23/08/8288
6059,adccc,true,23/01/8164
6822,ecfac,false,24/11/8398
7466,efeid,true,30/01/8964
7019,dheba,true,19/11/9465
7494,heffi,true,11/07/9430
523,abbib,true,19/09/8088
4360,fachf,false,19/09/8832
9037,afbhh,false,06/02/8215
8130,caeaf,false,11/08/8841
3287,fabfc,true,02/12/8714
7028,iccfi,true,26/08/8950
6893,beafd,false,08/02/8628
4275,aabfi,false,17/01/8619
7572,dfffe,false,05/09/9011
2239,hbfch,false,30/04/9872
142,adiaf,false,26/10/8852
6632,ieadb,true,12/12/9475
6048,acide,true,23/01/9670
5991,eebcd,false,07/08/8981
8347,cbadb,true,30/03/8412
7805,hdcdc,true,26/06/9782
8951,iecfc,false,22/11/9345
1190,fbdea,false,09/01/9720
1458,dffdi,true,31/03/9938
9134,cbeic,true,17/09/8650
1135,fcebi,false,07/03/9943
6394,hefib,false,24/08/9079
5279,acdia,true,30/04/9876
7973,eibib,true,31/06/8541
4442,hbfcc,true,17/09/8256
7151,hcfbb,false,03/04/8220
8420,ccfei,true,10/07/8267
6414,eciae,true,01/08/9909
5858,ificd,true,13/11/9256
1826,bhfff,false,31/12/8256
76,eafda,false,23/07/9733
4659,afhdc,true,12/05/9109
5203,eibcb,true,27/12/8959
4117,edaec,false,25/12/8977
218,abdab,false,22/08/9785
321,hifhc,false,26/01/9908
5152,adahf,true,30/10/9600
3922,fhbdh,true,24/07/8606
213,adebc,true,02/10/8233
7366,chbib,true,02/02/8980
4328,edidi,false,05/12/9462
5871,eebdc,false,13/06/9326
2519,fhabf,true,12/07/9949
56,accbh,true,20/06/9601
2444,hddcd,false,06/05/8427
5874,hffad,true,04/07/9145
3972,heehb,false,20/06/8696
3801,bdfee,true,23/11/8402
9261,cbbad,true,01/09/8744
8208,dahei,false,18/06/8682
5818,cdedc,true,15/03/9960
6058,ihhci,false,25/10/9596
8291,aifha,false,23/03/9124
7951,cddcc,true,15/04/9917
8066,daaei,false,29/06/8622
5045,ecfbb,true,17/01/8593
266,hacci,false,09/05/9229
9388,abbec,false,17/01/9430
1686,cacaa,true,28/05/9704
5784,dbfha,false,03/08/9838
4220,chfbb,true,22/01/8215
3790,hiibh,false,22/05/8757
1520,caebf,false,09/11/9839
3733,hcceh,false,26/11/8264
9448,iahch,false,18/11/8331
4227,fcebf,true,26/06/9088
6769,afidf,true,27/01/8703
4846,fecdh,true,12/12/8488
4492,ifibe,false,17/12/8976
3883,cddce,true,01/07/9747
3352,diafb,true,10/01/8821
7507,cfebe,true,19/10/8263
1388,bebfc,true,05/03/8888
599,eaicd,false,21/07/8921
3646,ecabi,true,28/02/8216
1609,ddfhe,false,01/02/9016
7030,efbab,true,31/05/9679
4022,fdedb,false,22/10/9937
7729,iaiii,true,20/11/8611
4212,ieiie,false,11/02/9816
2756,bhfaa,true,04/01/8369
8424,eedhb,true,06/12/9044
1638,afdde,false,06/04/9271
9936,fefda,false,23/11/8294
4387,ceich,true,10/05/10046
7951,facdf,false,14/08/9496
5513,acchd,true,14/07/9190
9410,fbbbe,true,30/02/9256
6678,hibcb,false,09/07/8897
7820,ifeee,false,06/04/8860
356,decba,true,12/11/9131
7395,febed,false,14/05/9689
9882,adcee,true,12/10/8562
9900,ehbch,true,18/01/8356
4209,aiddb,true,24/05/8670
5260,idhif,false,13/09/9614
6157,difda,true,18/11/9280
4476,hedhc,false,26/12/8687
9537,ddbdh,false,09/09/8638
7536,iebhe,true,01/04/9752
8843,fhdei,true,18/10/8973
1028,biiic,false,14/11/8644
6700,aiiae,false,03/07/9650
662,fhihd,true,17/05/9091
9405,caccc,false,06/07/9962
2402,cihfa,true,22/11/8779
278,hdfhf,true,04/06/9402
7304,cciba,false,26/02/8578
2840,beebe,true,12/08/8328
9491,hefbi,false,10/12/9001
1180,cdbih,false,19/06/8656
9843,fhhfi,false,06/08/9970
9892,iaeic,true,08/12/8372
5709,bhcah,false,27/06/9836
4794,icbfi,true,30/06/8630
6044,deafe,false,02/06/8657
4437,haiah,true,25/11/9128
5584,aheef,false,08/11/9921
1701,cebbf,false,23/03/9936
2297,bbdde,true,14/03/8833
7045,ecddd,true,07/06/9540
9638,effdc,true,14/12/8926
1260,ffchh,false,28/02/9066
3328,bcihf,false,29/02/8926
9821,cabaf,true,16/05/9484
6801,heada,false,04/03/8882
5375,aahbd,true,04/01/8436
7435,bfbhi,false,06/04/9167
729,deaec,false,14/01/9822
2858,fcfah,false,04/03/8340
1713,ciaba,false,19/02/9337
2525,dadfh,true,26/09/9434
7576,hfibh,false,16/06/9598
420,cdeie,true,19/06/9886
9059,deafa,false,19/02/9906
3506,aacde,true,21/03/9608
6746,bcdih,false,26/05/9083
346,bhbcb,true,19/10/9476
2294,ddade,false,03/11/9251
9940,dfeed,false,24/05/8753
7330,ahdhc,false,31/07/8823
2961,hhhbh,true,02/10/9188
7659,iaibc,true,25/07/9328
5045,eaebe,true,27/05/9796
8612,fafee,false,27/11/10114
7431,bcfhd,false,28/11/8416
4872,faafc,true,30/07/9359
5602,aafah,true,23/12/9806
1946,afaff,false,19/05/8885
2701,bhafb,true,29/03/8368
7833,cdaef,false,13/07/10208
1745,eechi,false,02/12/9604
5567,aehcf,true,16/05/9732
3147,eciie,false,03/08/9144
3904,aaidc,true,01/06/9423
4934,baeaf,true,11/06/8713
7918,iaicc,false,31/11/9628
4141,biihd,true,13/07/10112
5783,dfbcd,true,18/05/8840
5421,bdhhb,true,03/04/8812
5626,fcice,true,24/03/9716
7195,bbaba,false,22/03/9090
6409,dcabc,false,03/06/9549
7623,ceehc,true,17/05/9231
3095,becbb,false,06/10/8839
6715,hffde,true,08/09/8912
4168,dddfd,true,03/10/9083
6406,cbeab,false,17/03/8875
9541,iebdc,true,01/06/9369
7989,ebbfh,true,25/07/9805
1853,iaccb,false,17/06/8602
9045,abeab,true,25/10/9228
1853,cffbb,false,07/08/8775
8259,ddaie,false,16/03/9165
147,hebef,true,05/07/9362
6719,aaeea,true,21/07/9021
8135,deeeh,false,21/05/9728
3662,fhbeh,false,11/04/9855
2664,aeceh,false,23/02/8971
9530,cbfdd,false,28/07/9889
2894,hhdfh,true,21/08/8974
2895,fdceb,false,06/02/10061
8345,cihdh,true,17/07/9020
1312,fdhih,false,05/09/8867
9606,eedce,false,27/11/9890
7988,dhbdi,false,06/05/9243
9074,edabb,true,31/05/10218
503,dafcd,false,13/05/9004
7891,decdi,false,09/05/8729
4724,ecdbf,true,18/05/10183
5795,ibfic,true,08/01/8848
3631,acbcd,true,28/07/8837
6952,feieb,true,14/02/10298
638,ffhab,true,28/11/8622
6616,bheef,false,03/07/10272
5752,eafci,false,25/06/10086
5922,bihei,false,